product,image_name,source_reference,sha256,dataset_label,image_latitude,image_longitude,image_timestamp,cyclone_id,cyclone_name,ibtracs_timestamp,ibtracs_latitude,ibtracs_longitude,ibtracs_wind_knots,ibtracs_pressure_hpa,match_distance_deg,match_method,match_confidence,notes
reference,101.jpeg,101.jpeg,6c784cace01099f640e6b4c9eedf595866fce091082311e6a5ed65a4b4fac1ea,101.0,17.95,85.9,2013-10-12 04:00:00,2013281N12098,PHAILIN,2013-10-12 06:00:00,18.05,85.75,115.0,940.0,0.1742,embedded timestamp (<=6h) + nearest IBTrACS position,HIGH,OCR of embedded annotation Dataset label copied from original CSV; not interpreted as wind speed.
reference,102.jpeg,102.jpeg,84285b0faf8736249e128e1c5a54e4499cdf4573b1e119b2548f7341e149eac5,102.0,17.9,86.2,2013-10-12 02:00:00,2013281N12098,PHAILIN,2013-10-12 03:00:00,17.7462,86.0499,115.0,940.0,0.2099,embedded timestamp (<=6h) + nearest IBTrACS position,HIGH,OCR of embedded annotation Dataset label copied from original CSV; not interpreted as wind speed.
reference,106.jpeg,106.jpeg,c50cf71245d290dd6bedcb9d4b09664c063457ba0e8731e2c3262c8ff765b2a6,106.0,13.48,55.74,2018-05-24 03:30:00,2018136N11054,MEKUNU:SAGAR,2018-05-24 03:00:00,13.3212,55.5287,75.0,972.0,0.2597,embedded timestamp (<=6h) + nearest IBTrACS position,HIGH,OCR of embedded annotation Dataset label copied from original CSV; not interpreted as wind speed.
reference,111.jpeg,111.jpeg,667cbb33b5334d6002c9c163a7b1fce875434e56b79f57dd7e80cdd3738aefa3,111.0,13.09,84.95,2013-11-27 03:30:00,2013324N07103,LEHAR,2013-11-27 09:00:00,13.9536,85.5211,65.0,984.0,1.0272,embedded timestamp (<=6h) + nearest IBTrACS position,MEDIUM,OCR of embedded annotation Dataset label copied from original CSV; not interpreted as wind speed.
reference,112.jpeg,112.jpeg,56c4019f8480b15f6e5f9ff7f0af09a1904751921dee1ab9f6fcc8207c1252c7,112.0,14.03,83.66,2019-05-01 03:30:00,2019116N02090,FANI,2019-05-01 03:00:00,14.0675,83.985,95.0,957.0,0.3175,embedded timestamp (<=6h) + nearest IBTrACS position,HIGH,OCR of embedded annotation Dataset label copied from original CSV; not interpreted as wind speed.
reference,115.jpeg,115.jpeg,b00c770cc2d064e8ca6afa1fcde49a1de94fee543e405835df141a23f36d5e74,115.0,17.3,84.8,2014-10-11 22:14:00,2014279N11096,HUDHUD,2014-10-11 21:00:00,16.8,84.3899,100.0,952.0,0.6351,embedded timestamp (<=6h) + nearest IBTrACS position,HIGH,OCR of embedded annotation Dataset label copied from original CSV; not interpreted as wind speed.
reference,118.jpeg,118.jpeg,30ae1381a7edf2baff45076db8f86f0b831a9cacd1a7cffcddfd76edea685ffe,118.0,16.27,85.81,,2020285N15087,NOT_NAMED,2020-10-11 12:00:00,15.5,85.4,25.0,998.0,0.8648,embedded coordinates + year/nearest IBTrACS position,HIGH,OCR of embedded annotation Dataset label copied from original CSV; not interpreted as wind speed.
reference,119.jpeg,119.jpeg,dfa6277001643e87f97492859b62e1bb44319ddf55a221df971edfdb62187aae,119.0,20.29,86.79,,2020296N19087,NOT_NAMED,2020-10-22 15:00:00,19.9274,87.4279,,,0.6996,embedded coordinates + year/nearest IBTrACS position,HIGH,OCR of embedded annotation Dataset label copied from original CSV; not interpreted as wind speed.
reference,128.jpeg,128.jpeg,ed7dc5018393cfab7751611a95a109718ca79ff0fabc607934a49fef07374ff5,128.0,15.06,54.16,2018-05-25 03:00:00,2018136N11054,MEKUNU:SAGAR,2018-05-25 00:00:00,15.2,54.6,85.0,968.0,0.4474,embedded timestamp (<=6h) + nearest IBTrACS position,HIGH,OCR of embedded annotation Dataset label copied from original CSV; not interpreted as wind speed.
reference,25.jpeg,25.jpeg,7c83f60171f19f24a65a6f30ec8fab4200399958b7af7531ae5e7f2542f01da1,25.0,10.65,80.51,2013-12-12 04:00:00,2013339N09084,MADI,2013-12-12 09:00:00,10.8773,80.8413,25.0,1000.0,0.3971,embedded timestamp (<=6h) + nearest IBTrACS position,HIGH,OCR of embedded annotation Dataset label copied from original CSV; not interpreted as wind speed.
reference,27.jpeg,27.jpeg,bd1d1c4148aff13697417b083b808c9b689cdc91566888503ca389833910f89c,27.0,13.76,64.49,2015-11-05 07:44:00,2015309N14067,MEGH,2015-11-05 09:00:00,14.0129,64.3169,,,0.3037,embedded timestamp (<=6h) + nearest IBTrACS position,HIGH,OCR of embedded annotation Dataset label copied from original CSV; not interpreted as wind speed.
reference,28.jpeg,28.jpeg,251aaaa43204482eb73f262ec78e24303c64dce6d4969f3946a0dcdb63a66bac,28.0,10.31,52.1,2020-11-22 08:30:00,2020326N11063,GATI,2020-11-22 09:00:00,10.3924,51.9851,65.0,982.0,0.1399,embedded timestamp (<=6h) + nearest IBTrACS position,HIGH,visual/manual read from embedded annotation Dataset label copied from original CSV; not interpreted as wind speed.
reference,30(1).jpeg,30(1).jpeg,141a0fda9906d8a60e089fe37131e6bc2248201a1faf8aed956a6e60bbb92372,30.0,9.0,80.1,2020-12-03 02:30:00,2020335N06090,BUREVI,2020-12-03 03:00:00,9.14245,80.36,40.0,998.0,0.2937,embedded timestamp (<=6h) + nearest IBTrACS position,HIGH,OCR of embedded annotation Dataset label copied from original CSV; not interpreted as wind speed.
reference,30.jpeg,30.jpeg,73f3ba1d51f6fd1e97e53c6c73fe958f20297379774dfbeaa76c3a2ed1a58bc0,30.0,12.96,84.83,2018-11-14 03:00:00,2018314N12093,GAJA,2018-11-14 06:00:00,12.8,84.95,45.0,996.0,0.1982,embedded timestamp (<=6h) + nearest IBTrACS position,HIGH,OCR of embedded annotation Dataset label copied from original CSV; not interpreted as wind speed.
reference,31.jpeg,31.jpeg,c72a9f8bbe15f708cd98caf6e412d79f1d3ae5cc9bbb1b4b6cefc9604e104ffc,31.0,15.25,83.73,2013-12-11 03:30:00,2013339N09084,MADI,2013-12-11 00:00:00,14.4,84.1,40.0,996.0,0.9219,embedded timestamp (<=6h) + nearest IBTrACS position,HIGH,OCR of embedded annotation Dataset label copied from original CSV; not interpreted as wind speed.
reference,32(1).jpeg,32(1).jpeg,eed267b693fbee2f2292e14909b524718927db56ef9e7db22ddc4246185ad2e4,32.0,22.7,68.15,2021-09-30 09:30:00,2021267N18094,GULAB:SHAHEEN-GU,2021-09-30 06:00:00,22.6286,68.2571,25.0,998.0,0.1219,embedded timestamp (<=6h) + nearest IBTrACS position,HIGH,OCR of embedded annotation Dataset label copied from original CSV; not interpreted as wind speed.
reference,32.jpeg,32.jpeg,50e74152f460fd3456ae6fa1868de5c5e412d9a7e162e8f0ecd117de95836343,32.0,13.04,61.74,2015-11-06 03:45:00,2015309N14067,MEGH,2015-11-06 09:00:00,13.15,61.55,45.0,994.0,0.2153,embedded timestamp (<=6h) + nearest IBTrACS position,HIGH,OCR of embedded annotation Dataset label copied from original CSV; not interpreted as wind speed.
reference,33(1).jpeg,33(1).jpeg,bba34447ae3dd3a2f106ade379413203250d040d6482391c80b99ce8198d3dc6,33.0,8.1,53.1,2019-12-06 03:30:00,2019335N05058,PAWAN,2019-12-06 03:00:00,8.14246,53.1113,35.0,999.0,0.0439,embedded timestamp (<=6h) + nearest IBTrACS position,HIGH,visual/manual read from embedded annotation Dataset label copied from original CSV; not interpreted as wind speed.
reference,33(2).jpeg,33(2).jpeg,e0439ca669463b35920144f5386c3f5e7e2675de1a2d803860d0f8223491d63d,33.0,7.8,86.2,2020-12-01 03:30:00,2020335N06090,BUREVI,2020-12-01 00:00:00,7.4,86.1,30.0,1000.0,0.4121,embedded timestamp (<=6h) + nearest IBTrACS position,HIGH,OCR of embedded annotation Dataset label copied from original CSV; not interpreted as wind speed.
reference,33.jpeg,33.jpeg,40cb0d7d6d67616a6382639c310b751f642f6c413a1360c6c65312fcab68537d,33.0,15.57,84.28,2013-12-11 09:00:00,2013339N09084,MADI,2013-12-11 03:00:00,14.1037,83.8288,30.0,998.0,1.5294,embedded timestamp (<=6h) + nearest IBTrACS position,MEDIUM,OCR of embedded annotation Dataset label copied from original CSV; not interpreted as wind speed.
reference,34(!).jpeg,34(!).jpeg,383f9e89016c5ef6b9b801eae7ec4acbe2a8ddcc5acd52086b8ebf4ad5700726,,17.94,88.07,2018-09-20 07:00:00,2018263N17089,DAYE,2018-09-20 06:00:00,17.55,87.0,30.0,995.0,1.0901,embedded timestamp (<=6h) + nearest IBTrACS position,MEDIUM,OCR of embedded annotation Dataset label copied from original CSV; not interpreted as wind speed.
reference,34.jpeg,34.jpeg,4c1841d62266135cf1523d724630613e3c86aa36bda6f1c77e4719f185c1a4fe,34.0,16.33,81.33,2013-11-28 03:30:00,2013324N07103,LEHAR,2013-11-28 09:00:00,15.4532,81.3717,25.0,1002.0,0.8777,embedded timestamp (<=6h) + nearest IBTrACS position,HIGH,OCR of embedded annotation Dataset label copied from original CSV; not interpreted as wind speed.
reference,35(1).jpeg,35(1).jpeg,c67030f772bbbc37661cae7b58e2b040428c9ad6f4e54d60a7dea0bc251e7854,35.0,13.16,59.5,2015-11-07 02:45:00,2015309N14067,MEGH,2015-11-07 03:00:00,12.7674,59.6362,45.0,994.0,0.4144,embedded timestamp (<=6h) + nearest IBTrACS position,HIGH,OCR of embedded annotation Dataset label copied from original CSV; not interpreted as wind speed.
reference,35(2).jpeg,35(2).jpeg,730f8d5fceec7c4dec8ebe9f4cff45896b192f970b136055cc79301a32ba0d89,35.0,10.99,82.07,2018-11-15 08:30:00,2018314N12093,GAJA,2018-11-15 06:00:00,11.25,82.15,55.0,990.0,0.2716,embedded timestamp (<=6h) + nearest IBTrACS position,HIGH,visual/manual read from embedded annotation Dataset label copied from original CSV; not interpreted as wind speed.
reference,35(3).jpeg,35(3).jpeg,94fb3663d5808aaedb85e920233b3832f4865926a50c537b88ed032740fa049a,35.0,22.7,69.55,2021-09-30 04:00:00,2021267N18094,GULAB:SHAHEEN-GU,2021-09-30 00:00:00,22.62,69.26,25.0,998.0,0.2792,embedded timestamp (<=6h) + nearest IBTrACS position,HIGH,OCR of embedded annotation Dataset label copied from original CSV; not interpreted as wind speed.
reference,35.jpeg,35.jpeg,568f021e53b1f90f4dbcc74544c504fd793da1888da4ad80e38278577250f00d,35.0,13.99,64.77,,2015309N14067,MEGH,2015-11-05 06:00:00,14.0429,64.8,30.0,1002.0,0.0604,embedded coordinates + year/nearest IBTrACS position,HIGH,OCR of embedded annotation Dataset label copied from original CSV; not interpreted as wind speed.
reference,36(1).jpeg,36(1).jpeg,1b3f44eb114b53e4df4af080a90c618519a75d02e3fc7159f1b10db5b424f8f3,36.0,10.58,80.41,2016-12-01 01:00:00,2016335N07088,NADA,2016-12-01 06:00:00,10.5,81.25,30.0,1003.0,0.8296,embedded timestamp (<=6h) + nearest IBTrACS position,HIGH,OCR of embedded annotation Dataset label copied from original CSV; not interpreted as wind speed.
reference,36(2).jpeg,36(2).jpeg,9704af864db8f8e78ad80c34b3db2b4ce47ee095fd19fc7ee545214158e54063,36.0,6.97,56.51,2019-12-03 04:00:00,2019335N05058,PAWAN,2019-12-03 06:00:00,6.9,56.85,30.0,1000.0,0.3447,embedded timestamp (<=6h) + nearest IBTrACS position,HIGH,visual/manual read from embedded annotation Dataset label copied from original CSV; not interpreted as wind speed.
reference,36(3).jpeg,36(3).jpeg,26847bc327beb26e74a3839277da61e9b5e33e1479d35ef4b5fecc96e793d03a,36.0,9.64,56.21,2019-12-05 03:00:00,2019335N05058,PAWAN,2019-12-05 06:00:00,9.4,56.05,35.0,999.0,0.2872,embedded timestamp (<=6h) + nearest IBTrACS position,HIGH,visual/manual read from embedded annotation Dataset label copied from original CSV; not interpreted as wind speed.
reference,36.jpeg,36.jpeg,d7898a44a7104878e90f6de54f8a78f01912ae9dcbdb6908dbe89e7da147bd23,36.0,14.68,47.64,2015-11-03 02:45:00,2015301N11065,CHAPALA,2015-11-03 06:00:00,14.05,47.85,45.0,996.0,0.6619,embedded timestamp (<=6h) + nearest IBTrACS position,HIGH,OCR of embedded annotation Dataset label copied from original CSV; not interpreted as wind speed.
reference,37.jpeg,37.jpeg,3c521a56e9812464a121b0b50f71777765f8ff58fd526abb2d42859802084449,37.0,12.87,85.25,2014-11-07 03:44:00,2014309N13088,NOT_NAMED,2014-11-07 09:00:00,14.2078,87.492,,,2.5626,embedded timestamp (<=6h) + nearest IBTrACS position,MEDIUM,OCR of embedded annotation Dataset label copied from original CSV; not interpreted as wind speed.
reference,38.jpeg,38.jpeg,6712a1d7d6de46e1bc15b794dfd8b36cf02c3a40742d9561df35cb1439e3bd28,38.0,14.33,89.54,,2018314N12093,GAJA,2018-11-11 00:00:00,13.35,89.2,35.0,999.0,1.0339,embedded coordinates + year/nearest IBTrACS position,MEDIUM,OCR of embedded annotation Dataset label copied from original CSV; not interpreted as wind speed.
reference,39.jpeg,39.jpeg,42b709f3072a950b429d4c8c569a2f021f228b07bc4b73406b5b44de9749350d,39.0,14.93,89.54,2019-11-07 03:00:00,2019302N11118,BULBUL:MATMO,2019-11-07 03:00:00,14.7537,89.1175,35.0,998.0,0.4447,embedded timestamp (<=6h) + nearest IBTrACS position,HIGH,OCR of embedded annotation Dataset label copied from original CSV; not interpreted as wind speed.
reference,40(1).jpeg,40(1).jpeg,c6243fa45ebd41a8776766425b1f9d2e1b166982f60c27f63073d91c8d0156da,40.0,16.7,88.32,2016-10-26 00:00:00,2016295N13089,KYANT,2016-10-26 03:00:00,16.3389,88.4539,40.0,996.0,0.3832,embedded timestamp (<=6h) + nearest IBTrACS position,HIGH,OCR of embedded annotation Dataset label copied from original CSV; not interpreted as wind speed.
reference,40(2).jpeg,40(2).jpeg,4c6454af3f04b34645a11f5f36955aa3596d225a6641105e3833a13f090d5a6c,40.0,19.55,65.55,2019-09-23 05:30:00,2019264N19071,HIKAA:HIKKA,2019-09-23 03:00:00,20.2924,65.5038,40.0,996.0,0.7437,embedded timestamp (<=6h) + nearest IBTrACS position,HIGH,OCR of embedded annotation Dataset label copied from original CSV; not interpreted as wind speed.
reference,40(3).jpeg,40(3).jpeg,a699ba6620ee57291a176d3e2d7e894c3cc90405030e3fcd498ce5450a123549,40.0,15.3,90.0,2021-05-23 03:30:00,2021143N15090,YAAS,2021-05-23 03:00:00,15.44,89.8525,,,0.1996,embedded timestamp (<=6h) + nearest IBTrACS position,HIGH,OCR of embedded annotation Dataset label copied from original CSV; not interpreted as wind speed.
reference,40.jpeg,40.jpeg,2ff06bd2a0812cb91bfdf46a293863150511cdaffd92aec4d3a40a3329aa4a21,40.0,12.17,84.25,2013-05-13 03:30:00,2013130N04093,MAHASEN:VIYARU,2013-05-13 09:00:00,12.0388,85.9462,40.0,994.0,1.6633,embedded timestamp (<=6h) + nearest IBTrACS position,MEDIUM,OCR of embedded annotation Dataset label copied from original CSV; not interpreted as wind speed.
reference,41.jpeg,41.jpeg,22fdf425304a44d55538272b11c42afa38ac095cea61b78bb5f1dba014583468,41.0,12.49,84.93,2013-05-13 02:30:00,2013130N04093,MAHASEN:VIYARU,2013-05-13 06:00:00,11.95,86.35,40.0,994.0,1.4878,embedded timestamp (<=6h) + nearest IBTrACS position,MEDIUM,OCR of embedded annotation Dataset label copied from original CSV; not interpreted as wind speed.
reference,42(3).jpeg,42(3).jpeg,95246fe33fa6a64d94729e661985636ea8229ffaaa003b6cf93635533a498ec4,42.0,16.5,84.7,2021-12-04 06:00:00,2021335N08096,JAWAD,2021-12-04 06:00:00,16.35,84.85,35.0,1001.0,0.2078,embedded timestamp (<=6h) + nearest IBTrACS position,HIGH,OCR of embedded annotation Dataset label copied from original CSV; not interpreted as wind speed.
reference,42.jpeg,42.jpeg,b4792633c7d846074352759b391c4b137abc53369cabd40e708f23ea77ea2ccc,42.0,7.25,77.51,,2017333N06082,OCKHI,2017-11-30 03:00:00,7.50758,77.3713,35.0,999.0,0.292,embedded coordinates + year/nearest IBTrACS position,HIGH,OCR of embedded annotation Dataset label copied from original CSV; not interpreted as wind speed.
reference,43(2).jpeg,43(2).jpeg,e48a571e66aeb6334db12a1723c3019ad1090690119d58fbb2d586bf1b827dc8,43.0,24.23,58.95,,2021267N18094,GULAB:SHAHEEN-GU,2021-10-03 03:00:00,24.1461,59.0788,60.0,984.0,0.1443,embedded coordinates + year/nearest IBTrACS position,HIGH,OCR of embedded annotation Dataset label copied from original CSV; not interpreted as wind speed.
reference,43.jpeg,43.jpeg,fd25b756cbaa58b717c79be4b0367bfb54221c4254f43ec4a863879440895533,43.0,12.57,85.24,,2013130N04093,MAHASEN:VIYARU,2013-05-13 18:00:00,12.8,85.45,40.0,994.0,0.3081,embedded coordinates + year/nearest IBTrACS position,HIGH,OCR of embedded annotation Dataset label copied from original CSV; not interpreted as wind speed.
reference,44(1).jpeg,44(1).jpeg,21f69d8ec90b921eae03bd2a187464ae63dac3d851af594ec712dce6d8b6225d,44.0,18.47,65.73,,2014159N12068,NANAUK,2014-06-12 00:00:00,17.9,65.25,45.0,986.0,0.7295,embedded coordinates + year/nearest IBTrACS position,HIGH,OCR of embedded annotation Dataset label copied from original CSV; not interpreted as wind speed.
reference,44(2).jpeg,44(2).jpeg,0329d87ffe37c4a8b9f0388535e42d44f94deeab01c72467cef1bbda443cfb6a,44.0,13.41,86.68,2018-11-13 02:30:00,2018314N12093,GAJA,2018-11-13 06:00:00,13.65,86.55,40.0,998.0,0.2713,embedded timestamp (<=6h) + nearest IBTrACS position,HIGH,OCR of embedded annotation Dataset label copied from original CSV; not interpreted as wind speed.
reference,44(3).jpeg,44(3).jpeg,fdd05971b8d372cb4e8bc15d4e224287fd3f0d532a3457ec1720123e8b57f7cc,44.0,9.51,82.1,2020-11-24 05:30:00,2020327N08086,NIVAR,2020-11-24 09:00:00,9.86,82.85,45.0,992.0,0.8183,embedded timestamp (<=6h) + nearest IBTrACS position,HIGH,OCR of embedded annotation Dataset label copied from original CSV; not interpreted as wind speed.
reference,44.jpeg,44.jpeg,80b69fc0562f0d5359d8024f70e3a156cb1b45efdfef28a21fdce60273c7ef65,44.0,12.7,90.94,2016-12-09 02:00:00,2016341N08092,VARDAH,2016-12-09 06:00:00,11.95,90.45,45.0,996.0,0.8894,embedded timestamp (<=6h) + nearest IBTrACS position,HIGH,OCR of embedded annotation Dataset label copied from original CSV; not interpreted as wind speed.
reference,45(1).jpeg,45(1).jpeg,b00c74c43430cce2949a6d4566e894e92ef51dc46be1ea68a66394840fa525f9,45.0,8.3,84.07,2016-11-30 04:00:00,2016335N07088,NADA,2016-11-30 06:00:00,9.05,84.85,35.0,1002.0,1.0762,embedded timestamp (<=6h) + nearest IBTrACS position,MEDIUM,OCR of embedded annotation Dataset label copied from original CSV; not interpreted as wind speed.
reference,45(2).jpeg,45(2).jpeg,253208f3c12db34c7aa125fc3c0d0c13306cdac70b720b4ef85c0a4f826e9a3c,45.0,14.79,80.92,2016-05-19 03:45:00,2016138N10081,ROANU,2016-05-19 00:00:00,15.1,81.6,35.0,990.0,0.7269,embedded timestamp (<=6h) + nearest IBTrACS position,HIGH,OCR of embedded annotation Dataset label copied from original CSV; not interpreted as wind speed.
reference,45(3).jpeg,45(3).jpeg,0770f9c8dd6826342912e414f99534e85903d83b1cebd09105733ffc775c33b6,45.0,20.16,59.89,2019-09-24 04:00:00,2019264N19071,HIKAA:HIKKA,2019-09-24 06:00:00,20.0,59.55,75.0,978.0,0.357,embedded timestamp (<=6h) + nearest IBTrACS position,HIGH,OCR of embedded annotation Dataset label copied from original CSV; not interpreted as wind speed.
reference,45(4).jpeg,45(4).jpeg,1b66ac18546d3777dc4add83c9b08f0fd74a049b183e8541ea0e64353d9dbc87,45.0,15.21,71.28,2020-06-02 04:00:00,2020153N13072,NISARGA,2020-06-02 03:00:00,15.325,71.25,30.0,1000.0,0.1186,embedded timestamp (<=6h) + nearest IBTrACS position,HIGH,OCR of embedded annotation Dataset label copied from original CSV; not interpreted as wind speed.
reference,45.jpeg,45.jpeg,f59dfa843b9b7a9204f4055cca567f21a15c1afcf37084fa984f96be6644e2c2,45.0,14.37,84.69,,2013339N09084,MADI,2013-12-09 06:00:00,14.3,84.7,65.0,986.0,0.0707,embedded coordinates + year/nearest IBTrACS position,HIGH,OCR of embedded annotation Dataset label copied from original CSV; not interpreted as wind speed.
reference,46(1).jpeg,46(1).jpeg,83036a3c94f6f4831e43c79c5881877fcad0433043b9c81ddae8a4b28ee29c0b,46.0,12.22,86.9,2018-11-12 04:00:00,2018314N12093,GAJA,2018-11-12 06:00:00,12.6,87.25,40.0,998.0,0.5113,embedded timestamp (<=6h) + nearest IBTrACS position,HIGH,OCR of embedded annotation Dataset label copied from original CSV; not interpreted as wind speed.
reference,46(3).jpeg,46(3).jpeg,c3424f52f38502608b02dcc79703e966f61c41cdbbc7682ae5f941f70d510fa4,46.0,15.95,85.75,2021-12-03 09:00:00,2021335N08096,JAWAD,2021-12-03 15:00:00,15.21,85.0425,40.0,1000.0,1.0052,embedded timestamp (<=6h) + nearest IBTrACS position,MEDIUM,visual/manual read from embedded annotation Dataset label copied from original CSV; not interpreted as wind speed.
reference,46.jpeg,46.jpeg,7c4be00a91357b2afb643a81db786b45dd088b1339ca8256f35ef35d605a128a,46.0,17.51,64.27,2014-06-12 08:45:00,2014159N12068,NANAUK,2014-06-12 06:00:00,18.15,64.65,45.0,986.0,0.7355,embedded timestamp (<=6h) + nearest IBTrACS position,HIGH,OCR of embedded annotation Dataset label copied from original CSV; not interpreted as wind speed.
reference,47(1).jpeg,47(1).jpeg,5a8e0f2c4b4b895692cb8bdea1cff7f1cd30c14c284787f66d72467827a4a686,47.0,16.7,90.6,2016-10-25 07:00:00,2016295N13089,KYANT,2016-10-25 12:00:00,16.75,90.55,35.0,998.0,0.0692,embedded timestamp (<=6h) + nearest IBTrACS position,HIGH,OCR of embedded annotation Dataset label copied from original CSV; not interpreted as wind speed.
reference,47(2).jpeg,47(2).jpeg,62f86a003f2d28ca0bd77e61534fd20e5e8809391f820a5db926c4d2affbe1a9,47.0,11.89,61.89,2018-10-08 06:00:00,2018279N11069,LUBAN,2018-10-08 06:00:00,12.15,61.85,40.0,997.0,0.2629,embedded timestamp (<=6h) + nearest IBTrACS position,HIGH,OCR of embedded annotation Dataset label copied from original CSV; not interpreted as wind speed.
reference,47(3).jpeg,47(3).jpeg,f6cd0fc37f1e9d3feab9cdd7353b424582f481127fc43b1ae7a83558808e53e8,47.0,7.64,57.71,2019-12-04 04:00:00,2019335N05058,PAWAN,2019-12-04 06:00:00,7.5,57.1,30.0,1000.0,0.6206,embedded timestamp (<=6h) + nearest IBTrACS position,HIGH,visual/manual read from embedded annotation Dataset label copied from original CSV; not interpreted as wind speed.
reference,47(4).jpeg,47(4).jpeg,0d62b4c44de030529f9684fbe143a4a177590e135d3a023eeb986cff3c5262ad,47.0,8.4,82.7,2020-12-02 02:30:00,2020335N06090,BUREVI,2020-12-02 03:00:00,8.58247,82.9,40.0,998.0,0.2691,embedded timestamp (<=6h) + nearest IBTrACS position,HIGH,OCR of embedded annotation Dataset label copied from original CSV; not interpreted as wind speed.
reference,47.jpeg,47.jpeg,27f37fcf36a34571c94466c3e111647adebbfcb19c93e025822f1b773463c6e3,47.0,17.16,85.74,2013-05-15 03:00:00,2013130N04093,MAHASEN:VIYARU,2013-05-15 03:00:00,16.7462,87.1889,40.0,992.0,1.4449,embedded timestamp (<=6h) + nearest IBTrACS position,MEDIUM,OCR of embedded annotation Dataset label copied from original CSV; not interpreted as wind speed.
reference,48(1).jpeg,48(1).jpeg,ae1c16af5bad7dc3979e106a3135d68ddd102719965253f2f081fe34374082b2,48.0,10.2,56.6,,2018136N11054,MEKUNU:SAGAR,2018-05-22 12:00:00,10.2,56.8,35.0,998.0,0.1968,embedded coordinates + year/nearest IBTrACS position,HIGH,OCR of embedded annotation Dataset label copied from original CSV; not interpreted as wind speed.
reference,48(2).jpeg,48(2).jpeg,deed2f4d2547a2f1097f17c176a58bc7fc53e20cbc68045c3f825c4cd2a945ec,48.0,15.68,82.11,2018-12-17 03:30:00,2018347N07089,PHETHAI,2018-12-17 03:00:00,15.5388,82.3388,45.0,997.0,0.2617,embedded timestamp (<=6h) + nearest IBTrACS position,HIGH,OCR of embedded annotation Dataset label copied from original CSV; not interpreted as wind speed.
reference,48(3).jpeg,48(3).jpeg,eefed2ae4a661eaadcb39fda43d11e714b828c5517dd5de0a4e3d65ed134c9e2,48.0,15.95,85.75,2021-12-03 09:00:00,2021335N08096,JAWAD,2021-12-03 15:00:00,15.21,85.0425,40.0,1000.0,1.0052,embedded timestamp (<=6h) + nearest IBTrACS position,MEDIUM,visual/manual read from embedded annotation Dataset label copied from original CSV; not interpreted as wind speed.
reference,48.jpeg,48.jpeg,14186ba969f02e384b1cc7705da15b215131e82d264ad8232445e78cf2a8147f,48.0,17.57,70.87,2017-12-05 03:30:00,2017333N06082,OCKHI,2017-12-05 00:00:00,17.5,70.65,50.0,994.0,0.2211,embedded timestamp (<=6h) + nearest IBTrACS position,HIGH,OCR of embedded annotation Dataset label copied from original CSV; not interpreted as wind speed.
reference,49(1).jpeg,49(1).jpeg,999b91e216ebaca8f6e9cff23eebf18bfb03d135c0c15b188b4440cd4e97fe76,49.0,14.58,71.21,2019-06-01 03:30:00,2019301N05081,MAHA,2019-11-01 00:00:00,14.6,71.55,55.0,990.0,0.3297,embedded coordinates + year/nearest IBTrACS position,HIGH,OCR of embedded annotation Dataset label copied from original CSV; not interpreted as wind speed.
reference,49(2).jpeg,49(2).jpeg,e564c2cda97d828323dd1778723601fd46dd45f3d5989eb00c3d499d46d8631c,49.0,22.8,64.75,2021-10-01 03:00:00,2021267N18094,GULAB:SHAHEEN-GU,2021-10-01 03:00:00,23.1175,64.9213,40.0,994.0,0.3546,embedded timestamp (<=6h) + nearest IBTrACS position,HIGH,OCR of embedded annotation Dataset label copied from original CSV; not interpreted as wind speed.
reference,49.jpeg,49.jpeg,faf05bbdb275ccc5b0741e38a99014e044ec74139b687fa1ce982523fcea6d57,49.0,12.37,88.3,2016-12-10 02:00:00,2016341N08092,VARDAH,2016-12-10 00:00:00,12.6,88.25,55.0,990.0,0.2351,embedded timestamp (<=6h) + nearest IBTrACS position,HIGH,OCR of embedded annotation Dataset label copied from original CSV; not interpreted as wind speed.
reference,50(1).jpeg,50(1).jpeg,4950e24208727cfdf2c1481dce3441f75dea9b023853ad539fc953ad910d7e77,50.0,14.62,70.83,2019-11-01 03:30:00,2019301N05081,MAHA,2019-11-01 03:00:00,14.8326,70.9063,55.0,990.0,0.2251,embedded timestamp (<=6h) + nearest IBTrACS position,HIGH,OCR of embedded annotation Dataset label copied from original CSV; not interpreted as wind speed.
reference,50(2).jpeg,50(2).jpeg,fe90a62ae45fc6c2d18a4af54dd1f0fea27399906ab6da7ecc109efb45f5fb09,50.0,23.23,64.35,2021-10-01 07:00:00,2021267N18094,GULAB:SHAHEEN-GU,2021-10-01 09:00:00,23.3287,64.2037,45.0,991.0,0.1668,embedded timestamp (<=6h) + nearest IBTrACS position,HIGH,OCR of embedded annotation Dataset label copied from original CSV; not interpreted as wind speed.
reference,50.jpeg,50.jpeg,5c755a21ea04f1113f0d759f0fc02bd4bce9c92f1be0b4c076410a58f0bdda73,50.0,11.85,91.45,2013-11-25 09:30:00,2013324N07103,LEHAR,2013-11-25 09:00:00,12.0,91.725,60.0,988.0,0.3081,embedded timestamp (<=6h) + nearest IBTrACS position,HIGH,OCR of embedded annotation Dataset label copied from original CSV; not interpreted as wind speed.
reference,51(1).jpeg,51(1).jpeg,680bf62b8007950fed2f1323fa08efca3322c9d886bd931fe02cf40f1e8c2250,51.0,18.01,93.28,,2021267N18094,GULAB:SHAHEEN-GU,2021-09-24 00:00:00,18.1,93.3,,,0.092,embedded coordinates + year/nearest IBTrACS position,HIGH,OCR of embedded annotation Dataset label copied from original CSV; not interpreted as wind speed.
reference,51.jpeg,51.jpeg,e58c2c2693697a9715030e7bb3ea08af3df186a92b15dfb4c39653f631e7b1f4,51.0,18.28,62.8,2014-06-13 04:15:00,2014164N18063,NOT_NAMED,2014-06-13 00:00:00,18.4,62.9,45.0,988.0,0.153,embedded timestamp (<=6h) + nearest IBTrACS position,HIGH,OCR of embedded annotation Dataset label copied from original CSV; not interpreted as wind speed.
reference,52(1).jpeg,52(1).jpeg,c99902fc9748a2dc0a8069bb7f55cebf38d4af2e5db915bed2dfc01705a6eb4e,52.0,18.31,72.83,2020-06-03 06:00:00,2020153N13072,NISARGA,2020-06-03 06:00:00,18.05,72.85,60.0,984.0,0.2607,embedded timestamp (<=6h) + nearest IBTrACS position,HIGH,OCR of embedded annotation Dataset label copied from original CSV; not interpreted as wind speed.
reference,52.jpeg,52.jpeg,5ece38b96c2fe1739f555e0ba5197bd9d5aeb5ccc09dfa8b9588a56026c3e297,52.0,14.18,57.78,,2018279N11069,LUBAN,2018-10-11 06:00:00,14.45,57.9,70.0,980.0,0.294,embedded coordinates + year/nearest IBTrACS position,HIGH,OCR of embedded annotation Dataset label copied from original CSV; not interpreted as wind speed.
reference,53(1).jpeg,53(1).jpeg,7f2685cc4d33c9c483172ba665a7151ecb602fa81466f09cbb7ad0b0c9f4d4d8,53.0,11.55,83.77,,2018314N12093,GAJA,2018-11-14 21:00:00,11.8,83.4575,45.0,996.0,0.3953,embedded coordinates + year/nearest IBTrACS position,HIGH,OCR of embedded annotation Dataset label copied from original CSV; not interpreted as wind speed.
reference,53(2).jpeg,53(2).jpeg,65f5efa0ff8c0518833b9341dfec823ab99a1564dd6bc1e0112426d14c66bbb2,53.0,12.9,72.6,2021-05-15 02:30:00,2021133N10071,TAUKTAE,2021-05-15 00:00:00,12.8,72.85,40.0,992.0,0.2634,embedded timestamp (<=6h) + nearest IBTrACS position,HIGH,OCR of embedded annotation Dataset label copied from original CSV; not interpreted as wind speed.
reference,53(3).jpeg,53(3).jpeg,e54812afd2364f6d8e11624bec0bbc39aeec2a03468579cd353af1f2faa05a92,53.0,16.3,89.7,2021-05-24 02:30:00,2021143N15090,YAAS,2021-05-24 00:00:00,16.15,89.75,35.0,990.0,0.1575,embedded timestamp (<=6h) + nearest IBTrACS position,HIGH,OCR of embedded annotation Dataset label copied from original CSV; not interpreted as wind speed.
reference,53.jpeg,53.jpeg,e54de7f7593642a11d7eb9c2e8bc1065c369c00c9cd616ecfa3d86636fc8697e,53.0,12.55,60.38,2018-10-09 03:30:00,2018279N11069,LUBAN,2018-10-09 00:00:00,12.8,60.5,45.0,994.0,0.2761,embedded timestamp (<=6h) + nearest IBTrACS position,HIGH,OCR of embedded annotation Dataset label copied from original CSV; not interpreted as wind speed.
reference,54.jpeg,54.jpeg,58dbe019891091e3bd7ee7ddd56db37c223e50d9c7bbca762ec5fd1be89067b0,54.0,15.13,53.75,2018-10-14 01:00:00,2018279N11069,LUBAN,2018-10-13 21:00:00,15.1963,53.2638,40.0,996.0,0.474,embedded timestamp (<=6h) + nearest IBTrACS position,HIGH,OCR of embedded annotation Dataset label copied from original CSV; not interpreted as wind speed.
reference,55(2).jpeg,55(2).jpeg,502be2af903fab4206d7a7c643c25656921510ad0531fc3076df24ca0fb74136,55.0,7.73,87.51,,2020335N06090,BUREVI,2020-11-30 03:00:00,7.60656,87.5782,25.0,1002.0,0.1407,embedded coordinates + year/nearest IBTrACS position,HIGH,OCR of embedded annotation Dataset label copied from original CSV; not interpreted as wind speed.
reference,55.jpeg,55.jpeg,ffd6b99828e815a1c44ba10b54f38fb70dcf877cfb98168dcb7b9fc7b1aabbff,55.0,15.19,84.26,2013-11-20 04:00:00,2013322N13090,HELEN,2013-11-20 03:00:00,15.1,84.0675,35.0,1000.0,0.2064,embedded timestamp (<=6h) + nearest IBTrACS position,HIGH,OCR of embedded annotation Dataset label copied from original CSV; not interpreted as wind speed.
reference,56.jpeg,56.jpeg,d5c318a04792871b68ce69d89679132e6e15adcbc7ff5308ef658ac23e38b5a4,56.0,13.68,84.59,2013-12-09 04:00:00,2013339N09084,MADI,2013-12-09 00:00:00,13.85,84.65,65.0,986.0,0.1797,embedded timestamp (<=6h) + nearest IBTrACS position,HIGH,OCR of embedded annotation Dataset label copied from original CSV; not interpreted as wind speed.
reference,57(1).jpeg,57(1).jpeg,7a325f60eb44e54802735facb443f356d9dfc1bdae045ebab7a8ca3a3de55838,57.0,22.59,88.98,,2013149N21090,NOT_NAMED,2013-05-29 15:00:00,22.0,88.7,20.0,994.0,0.6442,embedded coordinates + year/nearest IBTrACS position,HIGH,OCR of embedded annotation Dataset label copied from original CSV; not interpreted as wind speed.
reference,57(2).jpeg,57(2).jpeg,26df35e16240aa13f5a50605591252a12972f57567adc4e3de9fbc3a6591a56d,57.0,8.07,87.35,2019-04-29 03:00:00,2019116N02090,FANI,2019-04-28 21:00:00,8.38124,87.4075,45.0,992.0,0.3164,embedded timestamp (<=6h) + nearest IBTrACS position,HIGH,OCR of embedded annotation Dataset label copied from original CSV; not interpreted as wind speed.
reference,57.jpeg,57.jpeg,cb18d7b670c4f82508165ae1fbc8bf89b897c81bcf6e26750fd479b36e42f817,57.0,11.72,89.41,2013-11-26 04:00:00,2013324N07103,LEHAR,2013-11-26 06:00:00,12.6,89.6,70.0,982.0,0.8995,embedded timestamp (<=6h) + nearest IBTrACS position,HIGH,OCR of embedded annotation Dataset label copied from original CSV; not interpreted as wind speed.
reference,58(1).jpeg,58(1).jpeg,0567200dc847a3f88528a4b6bdb261d6198130de315fa9b29d86c7456b82c716,58.0,8.9,85.1,2018-12-15 02:00:00,2018347N07089,PHETHAI,2018-12-15 03:00:00,9.27875,85.4288,30.0,1001.0,0.499,embedded timestamp (<=6h) + nearest IBTrACS position,HIGH,OCR of embedded annotation Dataset label copied from original CSV; not interpreted as wind speed.
reference,58.jpeg,58.jpeg,8186118d3379e1cca3416bb345c393ab4566768f77d966e403283c53fd80121e,58.0,15.57,84.35,2013-12-10 03:30:00,2013339N09084,MADI,2013-12-10 09:00:00,15.5263,85.2263,65.0,988.0,0.8453,embedded timestamp (<=6h) + nearest IBTrACS position,HIGH,OCR of embedded annotation Dataset label copied from original CSV; not interpreted as wind speed.
reference,59(1).jpeg,59(1).jpeg,f1efcbd546efb5855b1a435d60995f2c4513a4968dae119e4089de0c5b5eae10,59.0,13.96,83.92,2013-12-09 10:00:00,2013339N09084,MADI,2013-12-09 06:00:00,14.3,84.7,65.0,986.0,0.8298,embedded timestamp (<=6h) + nearest IBTrACS position,HIGH,OCR of embedded annotation Dataset label copied from original CSV; not interpreted as wind speed.
reference,59(2).jpeg,59(2).jpeg,e8d9ee131c2f7c0e44bdc06d48194cfdaf3979ce51646b9aa91f17ad5117d288,59.0,10.55,72.98,2019-10-31 03:00:00,2019301N05081,MAHA,2019-10-30 21:00:00,10.6962,73.2774,40.0,998.0,0.3269,embedded timestamp (<=6h) + nearest IBTrACS position,HIGH,OCR of embedded annotation Dataset label copied from original CSV; not interpreted as wind speed.
reference,59.jpeg,59.jpeg,14f495a4a6cbd59bdc93b31934b641b0d44762c517120ad12846a9f838e90a1e,59.0,12.09,91.86,2013-11-25 04:00:00,2013324N07103,LEHAR,2013-11-25 06:00:00,11.95,91.85,55.0,988.0,0.1403,embedded timestamp (<=6h) + nearest IBTrACS position,HIGH,OCR of embedded annotation Dataset label copied from original CSV; not interpreted as wind speed.
reference,59_LUBAN.png,59_LUBAN.png,339fee7efbcc2f11880ae6a3297ae32793f9383e983b9a35e2b45db50369ed9b,,14.18,59.02,,2018279N11069,LUBAN,2018-10-10 06:00:00,14.2,58.95,75.0,978.0,0.0708,embedded composite filename/visual identity (LUBAN) + IBTrACS,HIGH,OCR of embedded annotation Dataset label copied from original CSV; not interpreted as wind speed.
reference,60(1).jpeg,60(1).jpeg,61d33583082af439e066a30b53ba6409a5d5444672ad3c3146e17463bdf98eee,60.0,18.51,90.26,2017-05-29 10:30:00,2017147N14087,MORA,2017-05-29 09:00:00,18.2388,91.5612,45.0,986.0,1.2633,embedded timestamp (<=6h) + nearest IBTrACS position,MEDIUM,OCR of embedded annotation Dataset label copied from original CSV; not interpreted as wind speed.
reference,60(2).jpeg,60(2).jpeg,6eb44ec739a4565407a14f4000d6bceba2bfec56833752c1a9338f9a0bb7b0ca,60.0,8.41,73.62,2017-12-01 03:00:00,2017333N06082,OCKHI,2017-12-01 03:00:00,8.83254,73.7675,55.0,990.0,0.447,embedded timestamp (<=6h) + nearest IBTrACS position,HIGH,OCR of embedded annotation Dataset label copied from original CSV; not interpreted as wind speed.
reference,60.jpeg,60.jpeg,7e1ad8d2d649c9423ff5fea70fb4c723417b314982e4d4713807ca8d327a33f3,60.0,15.02,83.57,2013-11-20 09:30:00,2013322N13090,HELEN,2013-11-20 06:00:00,15.25,84.05,40.0,1000.0,0.5175,embedded timestamp (<=6h) + nearest IBTrACS position,HIGH,OCR of embedded annotation Dataset label copied from original CSV; not interpreted as wind speed.
reference,61(1).jpeg,61(1).jpeg,a893c80037f1f9b89292f728ff86b032ea29d0527a09b3dfc99d673ddc4195ec,61.0,12.37,84.56,,2016341N08092,VARDAH,2016-12-11 03:00:00,12.9964,84.3538,70.0,980.0,0.658,embedded coordinates + year/nearest IBTrACS position,HIGH,OCR of embedded annotation Dataset label copied from original CSV; not interpreted as wind speed.
reference,61(2).jpeg,61(2).jpeg,cf4d647c083b04162cca7821f92253e36666450e6b5491775639b01ba2508115,61.0,14.63,56.55,,2018279N11069,LUBAN,2018-10-12 18:00:00,14.75,56.5,45.0,994.0,0.1294,embedded coordinates + year/nearest IBTrACS position,HIGH,OCR of embedded annotation Dataset label copied from original CSV; not interpreted as wind speed.
reference,61.jpeg,61.jpeg,9eb1f082dba667cddad2d58d03fef7453c50e969b7f381f04be2b0efc747a5d2,61.0,12.77,49.86,2015-11-09 03:15:00,2015309N14067,MEGH,2015-11-09 06:00:00,12.25,49.55,80.0,978.0,0.6015,embedded timestamp (<=6h) + nearest IBTrACS position,HIGH,OCR of embedded annotation Dataset label copied from original CSV; not interpreted as wind speed.
reference,62.jpeg,62.jpeg,f0abda2a413767ec7ad27d3526347fe4cfa9f7e863812074e555d38a16f2d7d9,62.0,12.74,55.85,2015-11-08 03:15:00,2015309N14067,MEGH,2015-11-08 00:00:00,12.7,56.1,85.0,974.0,0.2471,embedded timestamp (<=6h) + nearest IBTrACS position,HIGH,OCR of embedded annotation Dataset label copied from original CSV; not interpreted as wind speed.
reference,63(1).jpeg,63(1).jpeg,01d0bbd9bc71d87d9930c2043e675924eb9dfda0b664d500608d4224a0ad827d,63.0,8.79,88.03,2018-12-14 07:30:00,2018347N07089,PHETHAI,2018-12-14 03:00:00,8.09999,87.4537,30.0,1002.0,0.8947,embedded timestamp (<=6h) + nearest IBTrACS position,HIGH,OCR of embedded annotation Dataset label copied from original CSV; not interpreted as wind speed.
reference,63(2).jpeg,63(2).jpeg,f9b97d491e1873cf1636b2756bd8d23d6610059a988367b90c8d63d66ede1327,63.0,13.5,73.3,,2021133N10071,TAUKTAE,2021-05-15 09:00:00,13.575,73.015,45.0,990.0,0.2871,embedded coordinates + year/nearest IBTrACS position,HIGH,OCR of embedded annotation Dataset label copied from original CSV; not interpreted as wind speed.
reference,63.jpeg,63.jpeg,138bac65bff1966c17b8d7e3e13244a70d696c6fa80612536a854c1830cec319,63.0,17.1,92.33,2017-04-16 04:00:00,2017104N08085,MAARUTHA,2017-04-16 03:00:00,16.6463,92.4534,40.0,996.0,0.4688,embedded timestamp (<=6h) + nearest IBTrACS position,HIGH,OCR of embedded annotation Dataset label copied from original CSV; not interpreted as wind speed.
reference,64(1).jpeg,64(1).jpeg,540aecdc73d2b480a4196f365e9e558fea69467c5f39228e0a440c6ba5eaaa21,64.0,14.51,58.38,,2018279N11069,LUBAN,2018-10-10 18:00:00,14.5,58.4,75.0,978.0,0.0218,embedded coordinates + year/nearest IBTrACS position,HIGH,OCR of embedded annotation Dataset label copied from original CSV; not interpreted as wind speed.
reference,64(2).jpeg,64(2).jpeg,c39ebb9084a180d8b87ef9111ff3b57b75d7b85d0a1833f4e6ab858cdf2ee76a,64.0,17.07,86.91,2019-11-08 03:30:00,2019302N11118,BULBUL:MATMO,2019-11-08 00:00:00,16.95,87.7,65.0,983.0,0.7647,embedded timestamp (<=6h) + nearest IBTrACS position,HIGH,visual/manual read from embedded annotation Dataset label copied from original CSV; not interpreted as wind speed.
reference,64.jpeg,64.jpeg,478779bb634e35e45598961a7e67762710639720998e182488314b3966a07d27,64.0,20.8,89.6,2016-05-21 03:15:00,2016138N10081,ROANU,2016-05-21 00:00:00,20.85,89.4,45.0,983.0,0.1935,embedded timestamp (<=6h) + nearest IBTrACS position,HIGH,OCR of embedded annotation Dataset label copied from original CSV; not interpreted as wind speed.
reference,65(1).jpeg,65(1).jpeg,58dbe019891091e3bd7ee7ddd56db37c223e50d9c7bbca762ec5fd1be89067b0,,15.13,53.75,2018-10-14 01:00:00,2018279N11069,LUBAN,2018-10-13 21:00:00,15.1963,53.2638,40.0,996.0,0.474,embedded timestamp (<=6h) + nearest IBTrACS position,HIGH,OCR of embedded annotation Dataset label copied from original CSV; not interpreted as wind speed.
reference,65(2).jpeg,65(2).jpeg,7148bb40c4f9f0aaf1c811410f76dadb7167c8f89fec2ec0752391933ad16536,65.0,23.83,62.65,2021-10-02 03:00:00,2021267N18094,GULAB:SHAHEEN-GU,2021-10-01 21:00:00,23.7999,62.8287,60.0,984.0,0.1662,embedded timestamp (<=6h) + nearest IBTrACS position,HIGH,visual/manual read from embedded annotation Dataset label copied from original CSV; not interpreted as wind speed.
reference,65(3).jpeg,65(3).jpeg,93e5bea407e5bfc52a71a70038d60f2c08ab41626e3d381e73cc70db3a6c12f3,65.0,18.2,88.0,2021-05-25 02:29:00,2021143N15090,YAAS,2021-05-25 03:00:00,18.425,88.4175,55.0,980.0,0.456,embedded timestamp (<=6h) + nearest IBTrACS position,HIGH,OCR of embedded annotation Dataset label copied from original CSV; not interpreted as wind speed.
reference,65.jpeg,65.jpeg,d6892dac130bbe55fe6cc9b26a3bd7163d2730dda1933749de9c10bd6b053369,65.0,12.3,88.74,2013-11-26 09:30:00,2013324N07103,LEHAR,2013-11-26 12:00:00,12.95,88.7,70.0,982.0,0.6512,embedded timestamp (<=6h) + nearest IBTrACS position,HIGH,OCR of embedded annotation Dataset label copied from original CSV; not interpreted as wind speed.
reference,66.jpeg,66.jpeg,6820d315664334294b8dbad3880f42e88e911cc0e96e416c5c06bc6445e9c71f,,20.36,64.63,,2014297N11062,NILOFAR,2014-10-30 15:00:00,20.3862,64.6425,,,0.0287,embedded coordinates + year/nearest IBTrACS position,HIGH,OCR of embedded annotation Dataset label copied from original CSV; not interpreted as wind speed.
reference,67(1).jpeg,67(1).jpeg,1c3c8b1e36ec5c9b23897ac49a1d69c85b47caef161b6a462caf674698744e3c,67.0,17.25,90.75,2017-05-29 02:30:00,2017147N14087,MORA,2017-05-29 00:00:00,17.0,91.25,45.0,990.0,0.539,embedded timestamp (<=6h) + nearest IBTrACS position,HIGH,OCR of embedded annotation Dataset label copied from original CSV; not interpreted as wind speed.
reference,67.jpeg,67.jpeg,6820d315664334294b8dbad3880f42e88e911cc0e96e416c5c06bc6445e9c71f,67.0,20.36,64.63,,2014297N11062,NILOFAR,2014-10-30 15:00:00,20.3862,64.6425,,,0.0287,embedded coordinates + year/nearest IBTrACS position,HIGH,OCR of embedded annotation Dataset label copied from original CSV; not interpreted as wind speed.
reference,67.png,67.png,339fee7efbcc2f11880ae6a3297ae32793f9383e983b9a35e2b45db50369ed9b,67.0,14.18,59.02,,2018279N11069,LUBAN,2018-10-10 06:00:00,14.2,58.95,75.0,978.0,0.0708,embedded composite filename/visual identity (LUBAN) + IBTrACS,HIGH,OCR of embedded annotation Dataset label copied from original CSV; not interpreted as wind speed.
reference,68(1).jpeg,68(1).jpeg,8a15951f6a9f8da3a329157bc9f24c6ef51f7b010d7c90e42e251b4abae17835,,15.15,72.9,2021-05-16 03:00:00,2021133N10071,TAUKTAE,2021-05-16 00:00:00,15.0,72.75,65.0,979.0,0.2085,embedded timestamp (<=6h) + nearest IBTrACS position,HIGH,OCR of embedded annotation Dataset label copied from original CSV; not interpreted as wind speed.
reference,68.jpeg,68.jpeg,7228ce4f0938683e9a07f135b0cb8558a450eb3445f79c639a19d1407e6b4dbe,68.0,10.8,82.2,2020-11-25 03:30:00,2020327N08086,NIVAR,2020-11-25 00:00:00,10.6,82.2,60.0,986.0,0.2,embedded timestamp (<=6h) + nearest IBTrACS position,HIGH,OCR of embedded annotation Dataset label copied from original CSV; not interpreted as wind speed.
reference,69(1).jpeg,69(1).jpeg,bf34a05f604d4d8c944cf44636eabfb002d8aae4839a5f47aa8b50e408427608,69.0,18.9,88.15,2021-05-25 08:30:00,2021143N15090,YAAS,2021-05-25 06:00:00,18.8,88.2,60.0,978.0,0.1106,embedded timestamp (<=6h) + nearest IBTrACS position,HIGH,OCR of embedded annotation Dataset label copied from original CSV; not interpreted as wind speed.
reference,69.jpeg,69.jpeg,fe5775342a10b8969b763b83060178901a6f7e45dc531bde15b7d0b86cef3d6f,69.0,12.74,80.98,2016-12-12 03:00:00,2016341N08092,VARDAH,2016-12-12 06:00:00,13.2,80.8,70.0,975.0,0.4924,embedded timestamp (<=6h) + nearest IBTrACS position,HIGH,OCR of embedded annotation Dataset label copied from original CSV; not interpreted as wind speed.
reference,70.jpeg,70.jpeg,37901e9e97d365ac063a8b5311fbe2f6a868c95c21ce2c75e14cb17aa8bd32f8,70.0,15.8,61.6,2014-10-28 03:15:00,2014297N11062,NILOFAR,2014-10-28 03:00:00,15.76,61.6812,75.0,977.0,0.0878,embedded timestamp (<=6h) + nearest IBTrACS position,HIGH,OCR of embedded annotation Dataset label copied from original CSV; not interpreted as wind speed.
reference,73.jpeg,73.jpeg,72b8675bb21f1faea18f43ae340c505c3b2162e0ea4b6da91094c5b0ff61d04f,73.0,11.4,55.67,2018-05-23 03:30:00,2018136N11054,MEKUNU:SAGAR,2018-05-23 06:00:00,11.4,56.05,60.0,980.0,0.3725,embedded timestamp (<=6h) + nearest IBTrACS position,HIGH,OCR of embedded annotation Dataset label copied from original CSV; not interpreted as wind speed.
reference,74(1).jpeg,74(1).jpeg,a0c6ff1cf593cd23f209f785f4964c12624c06fc1c756da8b86c3a20ce5abe43,74.0,17.83,70.11,2019-06-12 03:30:00,2019160N11073,VAYU,2019-06-12 03:00:00,18.0037,70.1925,75.0,973.0,0.1906,embedded timestamp (<=6h) + nearest IBTrACS position,HIGH,OCR of embedded annotation Dataset label copied from original CSV; not interpreted as wind speed.
reference,74(2).jpeg,74(2).jpeg,ce8325e5876e04f6beb10364c43e6f3fbde0aefbccc4c4f76c69ab6b35ca174d,74.0,16.45,72.65,,2021133N10071,TAUKTAE,2021-05-16 09:00:00,16.2713,72.6725,70.0,976.0,0.18,embedded coordinates + year/nearest IBTrACS position,HIGH,OCR of embedded annotation Dataset label copied from original CSV; not interpreted as wind speed.
reference,74.jpeg,74.jpeg,6990cb456f328e53b28ddf2f0d0315806f5752acf5ee65e4c5a86570463c20d7,74.0,14.6,62.2,2014-10-27 03:14:00,2014297N11062,NILOFAR,2014-10-27 00:00:00,14.75,62.4,55.0,990.0,0.2449,embedded timestamp (<=6h) + nearest IBTrACS position,HIGH,OCR of embedded annotation Dataset label copied from original CSV; not interpreted as wind speed.
reference,75.jpeg,75.jpeg,2fb2f89d730d9b7f71730b794e670fbfd6eaa1d1a2faf2294328c62f4242bef7,75.0,13.37,86.83,2020-05-18 04:00:00,2020136N10088,AMPHAN,2020-05-18 00:00:00,13.15,86.35,100.0,952.0,0.5162,embedded timestamp (<=6h) + nearest IBTrACS position,HIGH,OCR of embedded annotation Dataset label copied from original CSV; not interpreted as wind speed.
reference,77(1).jpeg,77(1).jpeg,4fff2d24fbc23e1c75888ac9b83226af238ea43dda0ae57c4e916d2aa8838c42,77.0,20.66,69.02,2019-06-03 05:00:00,2019160N11073,VAYU,2019-06-13 09:00:00,20.69,69.175,80.0,970.0,0.1481,embedded coordinates + year/nearest IBTrACS position,HIGH,OCR of embedded annotation Dataset label copied from original CSV; not interpreted as wind speed.
reference,77.jpeg,77.jpeg,7e565b4df8b14487a4ef9727dffc2c7a5e52d2a7af3fcbf4e17277bbdd9ca99c,77.0,14.8,90.3,2014-10-10 03:30:00,2014279N11096,HUDHUD,2014-10-10 00:00:00,14.55,87.65,60.0,988.0,2.5743,embedded timestamp (<=6h) + nearest IBTrACS position,MEDIUM,OCR of embedded annotation Dataset label copied from original CSV; not interpreted as wind speed.
reference,81.jpeg,81.jpeg,88d3bea25554dd527d29d6062fb700bfaf7a7abcbfbf538f089a0793e1816bb6,81.0,13.16,51.9,2015-11-02 03:44:00,2015301N11065,CHAPALA,2015-11-02 03:00:00,13.2137,52.1501,95.0,960.0,0.2494,embedded timestamp (<=6h) + nearest IBTrACS position,HIGH,OCR of embedded annotation Dataset label copied from original CSV; not interpreted as wind speed.
reference,82(1).jpeg,82(1).jpeg,0ab32dcbf570497e4130e63a34405242b247d4d3aabf12d18c483e3c61d2c08b,82.0,19.8,71.3,2021-05-17 09:29:00,2021133N10071,TAUKTAE,2021-05-17 09:00:00,19.6199,71.45,100.0,950.0,0.2288,embedded timestamp (<=6h) + nearest IBTrACS position,HIGH,OCR of embedded annotation Dataset label copied from original CSV; not interpreted as wind speed.
reference,82.jpeg,82.jpeg,416a6f93d980c9bf07d0a1fecc35b25465161cfd4269c1865b86816b8718dc23,82.0,14.77,68.57,2017-12-04 08:30:00,2017333N06082,OCKHI,2017-12-04 06:00:00,14.8,68.7,65.0,986.0,0.1292,embedded timestamp (<=6h) + nearest IBTrACS position,HIGH,OCR of embedded annotation Dataset label copied from original CSV; not interpreted as wind speed.
reference,83(1).jpeg,83(1).jpeg,5a266392bb4d89c8883ff99b4d003833b28b8f8609d2881fae4a38509047ecf5,83.0,13.88,68.3,2017-12-04 03:00:00,2017333N06082,OCKHI,2017-12-03 21:00:00,13.9037,68.485,75.0,982.0,0.1812,embedded timestamp (<=6h) + nearest IBTrACS position,HIGH,OCR of embedded annotation Dataset label copied from original CSV; not interpreted as wind speed.
reference,83.jpeg,83.jpeg,88d3bea25554dd527d29d6062fb700bfaf7a7abcbfbf538f089a0793e1816bb6,,13.16,51.9,2015-11-02 03:44:00,2015301N11065,CHAPALA,2015-11-02 03:00:00,13.2137,52.1501,95.0,960.0,0.2494,embedded timestamp (<=6h) + nearest IBTrACS position,HIGH,OCR of embedded annotation Dataset label copied from original CSV; not interpreted as wind speed.
reference,84(1).jpeg,84(1).jpeg,d213ea9efae6d2ddf01cd0172e083b47fc0802e423aadeac4bb4a6a07c8e808d,84.0,18.98,61.94,,2014297N11062,NILOFAR,2014-10-29 09:00:00,18.8325,61.9813,90.0,968.0,0.1526,embedded coordinates + year/nearest IBTrACS position,HIGH,OCR of embedded annotation Dataset label copied from original CSV; not interpreted as wind speed.
reference,84.jpeg,84.jpeg,d213ea9efae6d2ddf01cd0172e083b47fc0802e423aadeac4bb4a6a07c8e808d,84.0,18.98,61.94,,2014297N11062,NILOFAR,2014-10-29 09:00:00,18.8325,61.9813,90.0,968.0,0.1526,embedded coordinates + year/nearest IBTrACS position,HIGH,OCR of embedded annotation Dataset label copied from original CSV; not interpreted as wind speed.
reference,85(1).jpeg,85(1).jpeg,f8a5d5e537a57fccbceac4a7f513ae5e66811c6de2571e9970b587a3820dc0f0,85.0,14.47,61.3,,2015301N11065,CHAPALA,2015-10-30 03:00:00,14.2288,61.4712,105.0,954.0,0.2927,embedded coordinates + year/nearest IBTrACS position,HIGH,OCR of embedded annotation Dataset label copied from original CSV; not interpreted as wind speed.
reference,85(2).jpeg,85(2).jpeg,c4493f6ca15ad1e73634f1e8e52c3fe4e0cc65b2a19cf0cd4c99a5e4507aa6d9,85.0,14.1,59.1,,2015301N11065,CHAPALA,2015-10-31 03:00:00,13.7963,59.1575,110.0,946.0,0.3088,embedded coordinates + year/nearest IBTrACS position,HIGH,OCR of embedded annotation Dataset label copied from original CSV; not interpreted as wind speed.
reference,85.jpeg,85.jpeg,fe193a57512af0f6178e14aebed2f53e224180c0ddfe211fd344e157b07644a3,85.0,15.8,86.3,2014-10-10 21:15:00,2014279N11096,HUDHUD,2014-10-10 18:00:00,15.6,86.3,75.0,978.0,0.2,embedded timestamp (<=6h) + nearest IBTrACS position,HIGH,OCR of embedded annotation Dataset label copied from original CSV; not interpreted as wind speed.
reference,86(1).jpeg,86(1).jpeg,18bc8a6a10121da6cba23038be041bfcbc18bb8225d90170921e5327ce320507,86.0,9.05,71.51,2017-12-02 03:30:00,2017333N06082,OCKHI,2017-12-02 00:00:00,9.45,71.5,80.0,978.0,0.4001,embedded timestamp (<=6h) + nearest IBTrACS position,HIGH,OCR of embedded annotation Dataset label copied from original CSV; not interpreted as wind speed.
reference,86(2).jpeg,86(2).jpeg,6de224ff7ecc6baef7ff129a7570d6a04acb1a5226995f123b64fa4bc795edc5,86.0,18.9,71.4,2021-05-17 03:00:00,2021133N10071,TAUKTAE,2021-05-17 03:00:00,18.7925,71.6,100.0,950.0,0.2176,embedded timestamp (<=6h) + nearest IBTrACS position,HIGH,OCR of embedded annotation Dataset label copied from original CSV; not interpreted as wind speed.
reference,86.jpeg,86.jpeg,a8fd61f7e62fa198e00f712cc82e7e2dcbd1d97675516e4e8a6e870520d798cc,86.0,13.6,56.4,2015-11-01 02:14:00,2015301N11065,CHAPALA,2015-11-01 00:00:00,13.65,56.4,105.0,950.0,0.05,embedded timestamp (<=6h) + nearest IBTrACS position,HIGH,OCR of embedded annotation Dataset label copied from original CSV; not interpreted as wind speed.
reference,87.jpeg,87.jpeg,41fe507e17cb6d3cd77c20c5d18899d6d71b440f328c0cc249310d7758540346,87.0,20.91,91.09,,2015207N22091,KOMEN,2015-07-29 00:00:00,20.95,91.1,30.0,990.0,0.0411,embedded coordinates + year/nearest IBTrACS position,HIGH,OCR of embedded annotation Dataset label copied from original CSV; not interpreted as wind speed.
reference,94.jpeg,94.jpeg,6581e4127c9965dfbd6754019b058df4531b293ccac796bcf5b4352743c617e1,94.0,21.12,68.38,2019-06-14 03:30:00,2019160N11073,VAYU,2019-06-14 03:00:00,20.9825,68.4175,75.0,973.0,0.1419,embedded timestamp (<=6h) + nearest IBTrACS position,HIGH,OCR of embedded annotation Dataset label copied from original CSV; not interpreted as wind speed.
reference,98.jpeg,98.jpeg,c8f9b8d16263c3e207c551fe830766786f8737f783cbce1692c4a7f1fb37ab4a,98.0,12.59,85.47,2019-04-30 03:30:00,2019116N02090,FANI,2019-04-30 06:00:00,12.7,85.75,80.0,970.0,0.2946,embedded timestamp (<=6h) + nearest IBTrACS position,HIGH,OCR of embedded annotation Dataset label copied from original CSV; not interpreted as wind speed.
reference,99.jpeg,99.jpeg,94df5e610ab44a953c022b051052af3648bb50a76d6aef88e07ecf07fd9e7ba8,99.0,18.58,64.19,2019-11-04 07:30:00,2019301N05081,MAHA,2019-11-04 09:00:00,18.6999,64.2499,95.0,962.0,0.1327,embedded timestamp (<=6h) + nearest IBTrACS position,HIGH,OCR of embedded annotation Dataset label copied from original CSV; not interpreted as wind speed.
raw,101.jpg,101.jpeg,59fb33bb477cd9764c2a2023854ed92632d763d31f3d3272eb1efedd3500dbb2,101.0,17.95,85.9,2013-10-12 04:00:00,2013281N12098,PHAILIN,2013-10-12 06:00:00,18.05,85.75,115.0,940.0,0.1742,embedded timestamp (<=6h) + nearest IBTrACS position,HIGH,same normalized filename as reference; OCR of embedded annotation Dataset label copied from original CSV; not interpreted as wind speed.
raw,102.jpg,102.jpeg,830f66561d7d65ecdc4f7bd6402d6417fe7d97d542a0f761b92c94674bee4264,102.0,17.9,86.2,2013-10-12 02:00:00,2013281N12098,PHAILIN,2013-10-12 03:00:00,17.7462,86.0499,115.0,940.0,0.2099,embedded timestamp (<=6h) + nearest IBTrACS position,HIGH,same normalized filename as reference; OCR of embedded annotation Dataset label copied from original CSV; not interpreted as wind speed.
raw,106.jpg,106.jpeg,18495a11f2f8feed24f0ecf41120132a38b225375492de14847508f5e8541308,106.0,13.48,55.74,2018-05-24 03:30:00,2018136N11054,MEKUNU:SAGAR,2018-05-24 03:00:00,13.3212,55.5287,75.0,972.0,0.2597,embedded timestamp (<=6h) + nearest IBTrACS position,HIGH,same normalized filename as reference; OCR of embedded annotation Dataset label copied from original CSV; not interpreted as wind speed.
raw,111.jpg,111.jpeg,df42fa546e5cb211c5e34f8aa6ae8563d950ff2279c93ab7f726b91abfcf66f3,111.0,13.09,84.95,2013-11-27 03:30:00,2013324N07103,LEHAR,2013-11-27 09:00:00,13.9536,85.5211,65.0,984.0,1.0272,embedded timestamp (<=6h) + nearest IBTrACS position,MEDIUM,same normalized filename as reference; OCR of embedded annotation Dataset label copied from original CSV; not interpreted as wind speed.
raw,112.jpg,112.jpeg,88263f6bbcbd9257059326c1a150f07d924c18908d7a1070c664ac99380aa8c1,112.0,14.03,83.66,2019-05-01 03:30:00,2019116N02090,FANI,2019-05-01 03:00:00,14.0675,83.985,95.0,957.0,0.3175,embedded timestamp (<=6h) + nearest IBTrACS position,HIGH,same normalized filename as reference; OCR of embedded annotation Dataset label copied from original CSV; not interpreted as wind speed.
raw,115.jpg,115.jpeg,266638b1d93b834fbe6ede7b74319fa7d11e99032254afee75b601f8b602cc14,115.0,17.3,84.8,2014-10-11 22:14:00,2014279N11096,HUDHUD,2014-10-11 21:00:00,16.8,84.3899,100.0,952.0,0.6351,embedded timestamp (<=6h) + nearest IBTrACS position,HIGH,same normalized filename as reference; OCR of embedded annotation Dataset label copied from original CSV; not interpreted as wind speed.
raw,118.jpg,118.jpeg,f042182fc4aa1a82fa3de62c3ba7a601c567540df1621d867ee4a5205f3f6f62,118.0,16.27,85.81,,2020285N15087,NOT_NAMED,2020-10-11 12:00:00,15.5,85.4,25.0,998.0,0.8648,embedded coordinates + year/nearest IBTrACS position,HIGH,same normalized filename as reference; OCR of embedded annotation Dataset label copied from original CSV; not interpreted as wind speed.
raw,119.jpg,119.jpeg,7e15379e36f7ffb11324e7542c836a9acdca8890c3ea8f9af9f37e91bcd8a53f,119.0,20.29,86.79,,2020296N19087,NOT_NAMED,2020-10-22 15:00:00,19.9274,87.4279,,,0.6996,embedded coordinates + year/nearest IBTrACS position,HIGH,same normalized filename as reference; OCR of embedded annotation Dataset label copied from original CSV; not interpreted as wind speed.
raw,128.jpg,128.jpeg,ba2bfd15f241d662f15f43f54022aa33f4ba5cb06619d0eb7aef1d5ba342ace4,128.0,15.06,54.16,2018-05-25 03:00:00,2018136N11054,MEKUNU:SAGAR,2018-05-25 00:00:00,15.2,54.6,85.0,968.0,0.4474,embedded timestamp (<=6h) + nearest IBTrACS position,HIGH,same normalized filename as reference; OCR of embedded annotation Dataset label copied from original CSV; not interpreted as wind speed.
raw,25.jpg,25.jpeg,a506e978628ae189b9fc735c39d22958ef79250f45dd412ebcacc244b9b58981,25.0,10.65,80.51,2013-12-12 04:00:00,2013339N09084,MADI,2013-12-12 09:00:00,10.8773,80.8413,25.0,1000.0,0.3971,embedded timestamp (<=6h) + nearest IBTrACS position,HIGH,same normalized filename as reference; OCR of embedded annotation Dataset label copied from original CSV; not interpreted as wind speed.
raw,27.jpg,27.jpeg,d7f028df71dec25f906e1f1cb18804aea2d9bc576c6a3448c6a47863d7ef26f6,27.0,13.76,64.49,2015-11-05 07:44:00,2015309N14067,MEGH,2015-11-05 09:00:00,14.0129,64.3169,,,0.3037,embedded timestamp (<=6h) + nearest IBTrACS position,HIGH,same normalized filename as reference; OCR of embedded annotation Dataset label copied from original CSV; not interpreted as wind speed.
raw,28.jpg,28.jpeg,843a5cc2edff0301511f676e2bbf32e694eeadc90ac99ee64f27ff82b444b439,28.0,10.31,52.1,2020-11-22 08:30:00,2020326N11063,GATI,2020-11-22 09:00:00,10.3924,51.9851,65.0,982.0,0.1399,embedded timestamp (<=6h) + nearest IBTrACS position,HIGH,same normalized filename as reference; visual/manual read from embedded annotation Dataset label copied from original CSV; not interpreted as wind speed.
raw,30(1).jpg,30(1).jpeg,79268d32b3a530589763639a4aa5f2c561e4fd514ced13b99bdf4424d1872634,30.0,9.0,80.1,2020-12-03 02:30:00,2020335N06090,BUREVI,2020-12-03 03:00:00,9.14245,80.36,40.0,998.0,0.2937,embedded timestamp (<=6h) + nearest IBTrACS position,HIGH,same normalized filename as reference; OCR of embedded annotation Dataset label copied from original CSV; not interpreted as wind speed.
raw,30.jpg,30.jpeg,4c9d6523fa3ee45c167c6d5dd6907ba09309297f6577c20c797cb981e8ed4aee,30.0,12.96,84.83,2018-11-14 03:00:00,2018314N12093,GAJA,2018-11-14 06:00:00,12.8,84.95,45.0,996.0,0.1982,embedded timestamp (<=6h) + nearest IBTrACS position,HIGH,same normalized filename as reference; OCR of embedded annotation Dataset label copied from original CSV; not interpreted as wind speed.
raw,31.jpg,31.jpeg,57125d519d720df8cba5b4a1b180dfc1062ec55a4faaba8a54c08155355393d2,31.0,15.25,83.73,2013-12-11 03:30:00,2013339N09084,MADI,2013-12-11 00:00:00,14.4,84.1,40.0,996.0,0.9219,embedded timestamp (<=6h) + nearest IBTrACS position,HIGH,same normalized filename as reference; OCR of embedded annotation Dataset label copied from original CSV; not interpreted as wind speed.
raw,32(1).jpg,32(1).jpeg,c97065969a56e37f10704f75c73a1403e934ecb4e81e74187f5c3ef0a44f8dad,32.0,22.7,68.15,2021-09-30 09:30:00,2021267N18094,GULAB:SHAHEEN-GU,2021-09-30 06:00:00,22.6286,68.2571,25.0,998.0,0.1219,embedded timestamp (<=6h) + nearest IBTrACS position,HIGH,same normalized filename as reference; OCR of embedded annotation Dataset label copied from original CSV; not interpreted as wind speed.
raw,32.jpg,32.jpeg,26e3ec89052d7a4d01cb1517d584a7267ee6414afc64c5188ad1a88dcea26d6a,32.0,13.04,61.74,2015-11-06 03:45:00,2015309N14067,MEGH,2015-11-06 09:00:00,13.15,61.55,45.0,994.0,0.2153,embedded timestamp (<=6h) + nearest IBTrACS position,HIGH,same normalized filename as reference; OCR of embedded annotation Dataset label copied from original CSV; not interpreted as wind speed.
raw,33(1).jpg,33(1).jpeg,d17832ef8994929de6175a9da298c26f1484d6c027e92bdd65c91a042f35ef21,33.0,8.1,53.1,2019-12-06 03:30:00,2019335N05058,PAWAN,2019-12-06 03:00:00,8.14246,53.1113,35.0,999.0,0.0439,embedded timestamp (<=6h) + nearest IBTrACS position,HIGH,same normalized filename as reference; visual/manual read from embedded annotation Dataset label copied from original CSV; not interpreted as wind speed.
raw,33(2).jpg,33(2).jpeg,924c54476bb958421863af1efa874e994ace8b83ea6f608004c4b6f564b30cda,33.0,7.8,86.2,2020-12-01 03:30:00,2020335N06090,BUREVI,2020-12-01 00:00:00,7.4,86.1,30.0,1000.0,0.4121,embedded timestamp (<=6h) + nearest IBTrACS position,HIGH,same normalized filename as reference; OCR of embedded annotation Dataset label copied from original CSV; not interpreted as wind speed.
raw,33.jpg,33.jpeg,c1403057081b08eaee5048a4f46c6dd79ad450d410bd8c31f6e7f80ddb90abad,33.0,15.57,84.28,2013-12-11 09:00:00,2013339N09084,MADI,2013-12-11 03:00:00,14.1037,83.8288,30.0,998.0,1.5294,embedded timestamp (<=6h) + nearest IBTrACS position,MEDIUM,same normalized filename as reference; OCR of embedded annotation Dataset label copied from original CSV; not interpreted as wind speed.
raw,34(!).jpg,34(!).jpeg,88e0ea59e069e5be4575fb8d58ab9f765bcad3d518b140821c908d335e2ce2ee,,17.94,88.07,2018-09-20 07:00:00,2018263N17089,DAYE,2018-09-20 06:00:00,17.55,87.0,30.0,995.0,1.0901,embedded timestamp (<=6h) + nearest IBTrACS position,MEDIUM,same normalized filename as reference; OCR of embedded annotation Dataset label copied from original CSV; not interpreted as wind speed.
raw,34.jpg,34.jpeg,37f88a22984a2920068dde7129e6b443061f327daa5dacb2d60e6aef16738eb1,34.0,16.33,81.33,2013-11-28 03:30:00,2013324N07103,LEHAR,2013-11-28 09:00:00,15.4532,81.3717,25.0,1002.0,0.8777,embedded timestamp (<=6h) + nearest IBTrACS position,HIGH,same normalized filename as reference; OCR of embedded annotation Dataset label copied from original CSV; not interpreted as wind speed.
raw,35(1).jpg,35(1).jpeg,86927dc604839fdd3277189d8abe8a824956d271ab664d9b2df71523dd09fe61,35.0,13.16,59.5,2015-11-07 02:45:00,2015309N14067,MEGH,2015-11-07 03:00:00,12.7674,59.6362,45.0,994.0,0.4144,embedded timestamp (<=6h) + nearest IBTrACS position,HIGH,same normalized filename as reference; OCR of embedded annotation Dataset label copied from original CSV; not interpreted as wind speed.
raw,35(2).jpg,35(2).jpeg,3bee441e4487fd81c1b71339aa8d76511d57f497575b25cfa133400420a4b05d,35.0,10.99,82.07,2018-11-15 08:30:00,2018314N12093,GAJA,2018-11-15 06:00:00,11.25,82.15,55.0,990.0,0.2716,embedded timestamp (<=6h) + nearest IBTrACS position,HIGH,same normalized filename as reference; visual/manual read from embedded annotation Dataset label copied from original CSV; not interpreted as wind speed.
raw,35(3).jpg,35(3).jpeg,8b6e04a7312750445183251450e34b82beb9bd294812c1ab4c11456f0846b17a,35.0,22.7,69.55,2021-09-30 04:00:00,2021267N18094,GULAB:SHAHEEN-GU,2021-09-30 00:00:00,22.62,69.26,25.0,998.0,0.2792,embedded timestamp (<=6h) + nearest IBTrACS position,HIGH,same normalized filename as reference; OCR of embedded annotation Dataset label copied from original CSV; not interpreted as wind speed.
raw,35.jpg,35.jpeg,a671e9d694c0fe93aa6536c9112a9c76ffa7ea226a16b0ff8b678eaa0e5e5f76,35.0,13.99,64.77,,2015309N14067,MEGH,2015-11-05 06:00:00,14.0429,64.8,30.0,1002.0,0.0604,embedded coordinates + year/nearest IBTrACS position,HIGH,same normalized filename as reference; OCR of embedded annotation Dataset label copied from original CSV; not interpreted as wind speed.
raw,36(1).jpg,36(1).jpeg,90d1df18973fc542dc88db0caab8494d14d347af3a2c35029f2dbed3e1f96b3c,36.0,10.58,80.41,2016-12-01 01:00:00,2016335N07088,NADA,2016-12-01 06:00:00,10.5,81.25,30.0,1003.0,0.8296,embedded timestamp (<=6h) + nearest IBTrACS position,HIGH,same normalized filename as reference; OCR of embedded annotation Dataset label copied from original CSV; not interpreted as wind speed.
raw,36(2).jpg,36(2).jpeg,6d4ebae3792a4f15c4bf627b7536da2d9889d85208076044fbd62f14b2ec046c,36.0,6.97,56.51,2019-12-03 04:00:00,2019335N05058,PAWAN,2019-12-03 06:00:00,6.9,56.85,30.0,1000.0,0.3447,embedded timestamp (<=6h) + nearest IBTrACS position,HIGH,same normalized filename as reference; visual/manual read from embedded annotation Dataset label copied from original CSV; not interpreted as wind speed.
raw,36(3).jpg,36(3).jpeg,f28597481b424b4c63c36f16c4fdb1a3f856e21409a5ad23d57c2fd6bbac6ea9,36.0,9.64,56.21,2019-12-05 03:00:00,2019335N05058,PAWAN,2019-12-05 06:00:00,9.4,56.05,35.0,999.0,0.2872,embedded timestamp (<=6h) + nearest IBTrACS position,HIGH,same normalized filename as reference; visual/manual read from embedded annotation Dataset label copied from original CSV; not interpreted as wind speed.
raw,36.jpg,36.jpeg,539ec84c02a79f7f6fde1ecdafcfaf8b2dbed28e4e8612c98c0e18bd9311d398,36.0,14.68,47.64,2015-11-03 02:45:00,2015301N11065,CHAPALA,2015-11-03 06:00:00,14.05,47.85,45.0,996.0,0.6619,embedded timestamp (<=6h) + nearest IBTrACS position,HIGH,same normalized filename as reference; OCR of embedded annotation Dataset label copied from original CSV; not interpreted as wind speed.
raw,37.jpg,37.jpeg,c2d3837be075a7b59da53391b6b758049f838c8c5dd1c0355976c18e8fa2c488,37.0,12.87,85.25,2014-11-07 03:44:00,2014309N13088,NOT_NAMED,2014-11-07 09:00:00,14.2078,87.492,,,2.5626,embedded timestamp (<=6h) + nearest IBTrACS position,MEDIUM,same normalized filename as reference; OCR of embedded annotation Dataset label copied from original CSV; not interpreted as wind speed.
raw,38.jpg,38.jpeg,e50c06192758c52ea9f13a1e224e7bb04f599e8206ebe1b3b9b362da5809de5b,38.0,14.33,89.54,,2018314N12093,GAJA,2018-11-11 00:00:00,13.35,89.2,35.0,999.0,1.0339,embedded coordinates + year/nearest IBTrACS position,MEDIUM,same normalized filename as reference; OCR of embedded annotation Dataset label copied from original CSV; not interpreted as wind speed.
raw,39.jpg,39.jpeg,76565af64cf2a7c9399fae463968cc8777cf059e2b9215a874ebc506124d4d1d,39.0,14.93,89.54,2019-11-07 03:00:00,2019302N11118,BULBUL:MATMO,2019-11-07 03:00:00,14.7537,89.1175,35.0,998.0,0.4447,embedded timestamp (<=6h) + nearest IBTrACS position,HIGH,same normalized filename as reference; OCR of embedded annotation Dataset label copied from original CSV; not interpreted as wind speed.
raw,40(1).jpg,40(1).jpeg,e48a4c231e8a8d22de8bc798a0e01a8e350e8005ca85a40fa1152cf06908e901,40.0,16.7,88.32,2016-10-26 00:00:00,2016295N13089,KYANT,2016-10-26 03:00:00,16.3389,88.4539,40.0,996.0,0.3832,embedded timestamp (<=6h) + nearest IBTrACS position,HIGH,same normalized filename as reference; OCR of embedded annotation Dataset label copied from original CSV; not interpreted as wind speed.
raw,40(2).jpg,40(2).jpeg,b00adedceb68facc4e8103986d66ce7dd9e24b8a85fca5539c8a8cecddbc28bb,40.0,19.55,65.55,2019-09-23 05:30:00,2019264N19071,HIKAA:HIKKA,2019-09-23 03:00:00,20.2924,65.5038,40.0,996.0,0.7437,embedded timestamp (<=6h) + nearest IBTrACS position,HIGH,same normalized filename as reference; OCR of embedded annotation Dataset label copied from original CSV; not interpreted as wind speed.
raw,40(3).jpg,40(3).jpeg,3422a113f0d338d65280817e2a2660af8a7fdca5211f7d479934d412ebf8b056,40.0,15.3,90.0,2021-05-23 03:30:00,2021143N15090,YAAS,2021-05-23 03:00:00,15.44,89.8525,,,0.1996,embedded timestamp (<=6h) + nearest IBTrACS position,HIGH,same normalized filename as reference; OCR of embedded annotation Dataset label copied from original CSV; not interpreted as wind speed.
raw,40.jpg,40.jpeg,1802b67c9a6e6015a2c58e7b50a40e4e2897bb296f24763d31ac93041c349646,40.0,12.17,84.25,2013-05-13 03:30:00,2013130N04093,MAHASEN:VIYARU,2013-05-13 09:00:00,12.0388,85.9462,40.0,994.0,1.6633,embedded timestamp (<=6h) + nearest IBTrACS position,MEDIUM,same normalized filename as reference; OCR of embedded annotation Dataset label copied from original CSV; not interpreted as wind speed.
raw,41.jpg,41.jpeg,911e57dc12b2447af813a224812c2f6540c5ef5de71b0a0af807c246523fa8ee,41.0,12.49,84.93,2013-05-13 02:30:00,2013130N04093,MAHASEN:VIYARU,2013-05-13 06:00:00,11.95,86.35,40.0,994.0,1.4878,embedded timestamp (<=6h) + nearest IBTrACS position,MEDIUM,same normalized filename as reference; OCR of embedded annotation Dataset label copied from original CSV; not interpreted as wind speed.
raw,42(3).jpg,42(3).jpeg,3330ae281142c15ec678f2fee9730d077c2fe3be1babf66fa976933d2c30b76b,42.0,16.5,84.7,2021-12-04 06:00:00,2021335N08096,JAWAD,2021-12-04 06:00:00,16.35,84.85,35.0,1001.0,0.2078,embedded timestamp (<=6h) + nearest IBTrACS position,HIGH,same normalized filename as reference; OCR of embedded annotation Dataset label copied from original CSV; not interpreted as wind speed.
raw,42.jpg,42.jpeg,fcb5ff16bf507eb727a0f11a6f91c82c3599647c1b69097548f3ca229f95014a,42.0,7.25,77.51,,2017333N06082,OCKHI,2017-11-30 03:00:00,7.50758,77.3713,35.0,999.0,0.292,embedded coordinates + year/nearest IBTrACS position,HIGH,same normalized filename as reference; OCR of embedded annotation Dataset label copied from original CSV; not interpreted as wind speed.
raw,43(2).jpg,43(2).jpeg,ec5c748d9201bbb27cc6cc582dddbbc03f99e2e4c2272f7cacb80f7ace597d0e,43.0,24.23,58.95,,2021267N18094,GULAB:SHAHEEN-GU,2021-10-03 03:00:00,24.1461,59.0788,60.0,984.0,0.1443,embedded coordinates + year/nearest IBTrACS position,HIGH,same normalized filename as reference; OCR of embedded annotation Dataset label copied from original CSV; not interpreted as wind speed.
raw,43.jpg,43.jpeg,f38187034dd434538d689435304682cd7a525facc36e14c50827929707fcf030,43.0,12.57,85.24,,2013130N04093,MAHASEN:VIYARU,2013-05-13 18:00:00,12.8,85.45,40.0,994.0,0.3081,embedded coordinates + year/nearest IBTrACS position,HIGH,same normalized filename as reference; OCR of embedded annotation Dataset label copied from original CSV; not interpreted as wind speed.
raw,44(1).jpg,44(1).jpeg,09ab2ab0a1fd611a6c5ba225393ec97e98d3dbc5309c33cce17d6bc8aa6b3a6e,44.0,18.47,65.73,,2014159N12068,NANAUK,2014-06-12 00:00:00,17.9,65.25,45.0,986.0,0.7295,embedded coordinates + year/nearest IBTrACS position,HIGH,same normalized filename as reference; OCR of embedded annotation Dataset label copied from original CSV; not interpreted as wind speed.
raw,44(2).jpg,44(2).jpeg,6e825cf48e9e67c339c9620d2576d312f4f14e7020b3cda00f4899a7526b2811,44.0,13.41,86.68,2018-11-13 02:30:00,2018314N12093,GAJA,2018-11-13 06:00:00,13.65,86.55,40.0,998.0,0.2713,embedded timestamp (<=6h) + nearest IBTrACS position,HIGH,same normalized filename as reference; OCR of embedded annotation Dataset label copied from original CSV; not interpreted as wind speed.
raw,44(3).jpg,44(3).jpeg,3d3cac26f00687175225e22792de4f1926a486aba4e00e19b967407aeeedf7a8,44.0,9.51,82.1,2020-11-24 05:30:00,2020327N08086,NIVAR,2020-11-24 09:00:00,9.86,82.85,45.0,992.0,0.8183,embedded timestamp (<=6h) + nearest IBTrACS position,HIGH,same normalized filename as reference; OCR of embedded annotation Dataset label copied from original CSV; not interpreted as wind speed.
raw,44.jpg,44.jpeg,0fb6eb7a4a8442d18f9ed25fcd25c57b61d17807043a1aa7a685d7096c3ff25b,44.0,12.7,90.94,2016-12-09 02:00:00,2016341N08092,VARDAH,2016-12-09 06:00:00,11.95,90.45,45.0,996.0,0.8894,embedded timestamp (<=6h) + nearest IBTrACS position,HIGH,same normalized filename as reference; OCR of embedded annotation Dataset label copied from original CSV; not interpreted as wind speed.
raw,45(1).jpg,45(1).jpeg,ca9ae4b19f01e7cce9977bc6ea9deba2f368092765eae2c9bcd13ea6f6617132,45.0,8.3,84.07,2016-11-30 04:00:00,2016335N07088,NADA,2016-11-30 06:00:00,9.05,84.85,35.0,1002.0,1.0762,embedded timestamp (<=6h) + nearest IBTrACS position,MEDIUM,same normalized filename as reference; OCR of embedded annotation Dataset label copied from original CSV; not interpreted as wind speed.
raw,45(2).jpg,45(2).jpeg,ef2e773d6375e358362e28897f36f19c3ef7d2cfe9f13a1263d70507dade14d1,45.0,14.79,80.92,2016-05-19 03:45:00,2016138N10081,ROANU,2016-05-19 00:00:00,15.1,81.6,35.0,990.0,0.7269,embedded timestamp (<=6h) + nearest IBTrACS position,HIGH,same normalized filename as reference; OCR of embedded annotation Dataset label copied from original CSV; not interpreted as wind speed.
raw,45(3).jpg,45(3).jpeg,0307f37ff3015da2df228a8f4f06b8fff3c6a7a5eca19756748c5d5752668935,45.0,20.16,59.89,2019-09-24 04:00:00,2019264N19071,HIKAA:HIKKA,2019-09-24 06:00:00,20.0,59.55,75.0,978.0,0.357,embedded timestamp (<=6h) + nearest IBTrACS position,HIGH,same normalized filename as reference; OCR of embedded annotation Dataset label copied from original CSV; not interpreted as wind speed.
raw,45(4).jpg,45(4).jpeg,7f3b37e11c8de3eedef2559f453a9ee7b022f0dd6a581616e7cbc04ad6463233,45.0,15.21,71.28,2020-06-02 04:00:00,2020153N13072,NISARGA,2020-06-02 03:00:00,15.325,71.25,30.0,1000.0,0.1186,embedded timestamp (<=6h) + nearest IBTrACS position,HIGH,same normalized filename as reference; OCR of embedded annotation Dataset label copied from original CSV; not interpreted as wind speed.
raw,45.jpg,45.jpeg,394bf7cac6b67d4e99ecf057e57fd3552ff4025b310d06db69912660a752efe6,45.0,14.37,84.69,,2013339N09084,MADI,2013-12-09 06:00:00,14.3,84.7,65.0,986.0,0.0707,embedded coordinates + year/nearest IBTrACS position,HIGH,same normalized filename as reference; OCR of embedded annotation Dataset label copied from original CSV; not interpreted as wind speed.
raw,46(1).jpg,46(1).jpeg,bf15f268cda1178549150413ece6a7a3b264e398322513b8f1d399f04d63e20e,46.0,12.22,86.9,2018-11-12 04:00:00,2018314N12093,GAJA,2018-11-12 06:00:00,12.6,87.25,40.0,998.0,0.5113,embedded timestamp (<=6h) + nearest IBTrACS position,HIGH,same normalized filename as reference; OCR of embedded annotation Dataset label copied from original CSV; not interpreted as wind speed.
raw,46(3).jpg,46(3).jpeg,4484908ff2e422fc5fbb8e2f7535d22dd483cb3c597034f96917b79ddc5875d5,46.0,15.95,85.75,2021-12-03 09:00:00,2021335N08096,JAWAD,2021-12-03 15:00:00,15.21,85.0425,40.0,1000.0,1.0052,embedded timestamp (<=6h) + nearest IBTrACS position,MEDIUM,same normalized filename as reference; visual/manual read from embedded annotation Dataset label copied from original CSV; not interpreted as wind speed.
raw,46.jpg,46.jpeg,c0a243446af62137b2118f5b3ec3ca54f74858363b06fbcc4a8850a9fb9e7efb,46.0,17.51,64.27,2014-06-12 08:45:00,2014159N12068,NANAUK,2014-06-12 06:00:00,18.15,64.65,45.0,986.0,0.7355,embedded timestamp (<=6h) + nearest IBTrACS position,HIGH,same normalized filename as reference; OCR of embedded annotation Dataset label copied from original CSV; not interpreted as wind speed.
raw,47(1).jpg,47(1).jpeg,bf38e0e01ccfdb31d6e40e5e79aee29f38c91ed7dec39829ae86144c6b3541ea,47.0,16.7,90.6,2016-10-25 07:00:00,2016295N13089,KYANT,2016-10-25 12:00:00,16.75,90.55,35.0,998.0,0.0692,embedded timestamp (<=6h) + nearest IBTrACS position,HIGH,same normalized filename as reference; OCR of embedded annotation Dataset label copied from original CSV; not interpreted as wind speed.
raw,47(2).jpg,47(2).jpeg,bed0c823dc1db868fb55ade8b33ce5574544d8ebd04bb6ab50445c9cb415d453,47.0,11.89,61.89,2018-10-08 06:00:00,2018279N11069,LUBAN,2018-10-08 06:00:00,12.15,61.85,40.0,997.0,0.2629,embedded timestamp (<=6h) + nearest IBTrACS position,HIGH,same normalized filename as reference; OCR of embedded annotation Dataset label copied from original CSV; not interpreted as wind speed.
raw,47(3).jpg,47(3).jpeg,3204eb564a1f00e82e03c1c4c766efbbb86875f2f9b58543673b0f29a8102cdc,47.0,7.64,57.71,2019-12-04 04:00:00,2019335N05058,PAWAN,2019-12-04 06:00:00,7.5,57.1,30.0,1000.0,0.6206,embedded timestamp (<=6h) + nearest IBTrACS position,HIGH,same normalized filename as reference; visual/manual read from embedded annotation Dataset label copied from original CSV; not interpreted as wind speed.
raw,47(4).jpg,47(4).jpeg,e003cf4b2e2d43e9adbed950a0bd836f8dc58aaa02ff69faf6a1e88c76dab236,47.0,8.4,82.7,2020-12-02 02:30:00,2020335N06090,BUREVI,2020-12-02 03:00:00,8.58247,82.9,40.0,998.0,0.2691,embedded timestamp (<=6h) + nearest IBTrACS position,HIGH,same normalized filename as reference; OCR of embedded annotation Dataset label copied from original CSV; not interpreted as wind speed.
raw,47.jpg,47.jpeg,20dd351bd960226a31a569a34408f44c9cb8006fbd24bd548e6de743047711d1,47.0,17.16,85.74,2013-05-15 03:00:00,2013130N04093,MAHASEN:VIYARU,2013-05-15 03:00:00,16.7462,87.1889,40.0,992.0,1.4449,embedded timestamp (<=6h) + nearest IBTrACS position,MEDIUM,same normalized filename as reference; OCR of embedded annotation Dataset label copied from original CSV; not interpreted as wind speed.
raw,48(1).jpg,48(1).jpeg,04a59e9563abbb03b3810a021e7cb0e16557dc727dc564089fa2283c8580a83a,48.0,10.2,56.6,,2018136N11054,MEKUNU:SAGAR,2018-05-22 12:00:00,10.2,56.8,35.0,998.0,0.1968,embedded coordinates + year/nearest IBTrACS position,HIGH,same normalized filename as reference; OCR of embedded annotation Dataset label copied from original CSV; not interpreted as wind speed.
raw,48(2).jpg,48(2).jpeg,daa9c329463e7426d8462bd05caafd5e737f868cc45b40b6b03f9a33e95902b8,48.0,15.68,82.11,2018-12-17 03:30:00,2018347N07089,PHETHAI,2018-12-17 03:00:00,15.5388,82.3388,45.0,997.0,0.2617,embedded timestamp (<=6h) + nearest IBTrACS position,HIGH,same normalized filename as reference; OCR of embedded annotation Dataset label copied from original CSV; not interpreted as wind speed.
raw,48(3).jpg,48(3).jpeg,bb5998d84f04db01a9880c2df6752015ac843673509fba359339292474dbd227,48.0,15.95,85.75,2021-12-03 09:00:00,2021335N08096,JAWAD,2021-12-03 15:00:00,15.21,85.0425,40.0,1000.0,1.0052,embedded timestamp (<=6h) + nearest IBTrACS position,MEDIUM,same normalized filename as reference; visual/manual read from embedded annotation Dataset label copied from original CSV; not interpreted as wind speed.
raw,48.jpg,48.jpeg,ef235f631bd805ce49bb0c3b831f9ba639045801424dbe8d3fb33fcdd0ee8702,48.0,17.57,70.87,2017-12-05 03:30:00,2017333N06082,OCKHI,2017-12-05 00:00:00,17.5,70.65,50.0,994.0,0.2211,embedded timestamp (<=6h) + nearest IBTrACS position,HIGH,same normalized filename as reference; OCR of embedded annotation Dataset label copied from original CSV; not interpreted as wind speed.
raw,49(1).jpg,49(1).jpeg,9a8116004ccfe663149626ef75b6fe4360c19645d3d139cfc838cb09196b9aa1,49.0,14.58,71.21,2019-06-01 03:30:00,2019301N05081,MAHA,2019-11-01 00:00:00,14.6,71.55,55.0,990.0,0.3297,embedded coordinates + year/nearest IBTrACS position,HIGH,same normalized filename as reference; OCR of embedded annotation Dataset label copied from original CSV; not interpreted as wind speed.
raw,49(2).jpg,49(2).jpeg,cbf4ac57038cb48b5ace63dacb307f2b29c3d2dfdb849c7a0a215d5425fc4aa9,49.0,22.8,64.75,2021-10-01 03:00:00,2021267N18094,GULAB:SHAHEEN-GU,2021-10-01 03:00:00,23.1175,64.9213,40.0,994.0,0.3546,embedded timestamp (<=6h) + nearest IBTrACS position,HIGH,same normalized filename as reference; OCR of embedded annotation Dataset label copied from original CSV; not interpreted as wind speed.
raw,49.jpg,49.jpeg,0513eaa93dc8aa968074c4a15bc621a8c22e82fc8e7c194839bd3fb7dc0e9e72,49.0,12.37,88.3,2016-12-10 02:00:00,2016341N08092,VARDAH,2016-12-10 00:00:00,12.6,88.25,55.0,990.0,0.2351,embedded timestamp (<=6h) + nearest IBTrACS position,HIGH,same normalized filename as reference; OCR of embedded annotation Dataset label copied from original CSV; not interpreted as wind speed.
raw,50(1).jpg,50(1).jpeg,7c6480ed6b6d142daa86ae0c7b2b00ada94c467069c597fd8e21c30af4918200,50.0,14.62,70.83,2019-11-01 03:30:00,2019301N05081,MAHA,2019-11-01 03:00:00,14.8326,70.9063,55.0,990.0,0.2251,embedded timestamp (<=6h) + nearest IBTrACS position,HIGH,same normalized filename as reference; OCR of embedded annotation Dataset label copied from original CSV; not interpreted as wind speed.
raw,50(2).jpg,50(2).jpeg,fb0586d82cbc77971122d8323401f5e69956425430857d2969e6b9ef2fabad84,50.0,23.23,64.35,2021-10-01 07:00:00,2021267N18094,GULAB:SHAHEEN-GU,2021-10-01 09:00:00,23.3287,64.2037,45.0,991.0,0.1668,embedded timestamp (<=6h) + nearest IBTrACS position,HIGH,same normalized filename as reference; OCR of embedded annotation Dataset label copied from original CSV; not interpreted as wind speed.
raw,50.jpg,50.jpeg,82936b86ecafa992687b426463d786542a5a4c45e3cec4c4a8841ccbdb9d0a78,50.0,11.85,91.45,2013-11-25 09:30:00,2013324N07103,LEHAR,2013-11-25 09:00:00,12.0,91.725,60.0,988.0,0.3081,embedded timestamp (<=6h) + nearest IBTrACS position,HIGH,same normalized filename as reference; OCR of embedded annotation Dataset label copied from original CSV; not interpreted as wind speed.
raw,51(1).jpg,51(1).jpeg,45cbfac945f120c6016c955ac4054e9f09f2c1830a1ea5880cc8c66dff39178b,51.0,18.01,93.28,,2021267N18094,GULAB:SHAHEEN-GU,2021-09-24 00:00:00,18.1,93.3,,,0.092,embedded coordinates + year/nearest IBTrACS position,HIGH,same normalized filename as reference; OCR of embedded annotation Dataset label copied from original CSV; not interpreted as wind speed.
raw,51.jpg,51.jpeg,cd1359b2d05fba2e7a07d487fce1a5243dcfe190532bb33aacbccedad133976f,51.0,18.28,62.8,2014-06-13 04:15:00,2014164N18063,NOT_NAMED,2014-06-13 00:00:00,18.4,62.9,45.0,988.0,0.153,embedded timestamp (<=6h) + nearest IBTrACS position,HIGH,same normalized filename as reference; OCR of embedded annotation Dataset label copied from original CSV; not interpreted as wind speed.
raw,52(1).jpg,52(1).jpeg,467209fa8d106a61df118f1dd8873141a704ebd800858edf8b73c6d32c7e58e8,52.0,18.31,72.83,2020-06-03 06:00:00,2020153N13072,NISARGA,2020-06-03 06:00:00,18.05,72.85,60.0,984.0,0.2607,embedded timestamp (<=6h) + nearest IBTrACS position,HIGH,same normalized filename as reference; OCR of embedded annotation Dataset label copied from original CSV; not interpreted as wind speed.
raw,52.jpg,52.jpeg,35514c773ebfa6250dfb862fcade086014eacc6fc437aaed5ba0cdebfc8e0d6d,52.0,14.18,57.78,,2018279N11069,LUBAN,2018-10-11 06:00:00,14.45,57.9,70.0,980.0,0.294,embedded coordinates + year/nearest IBTrACS position,HIGH,same normalized filename as reference; OCR of embedded annotation Dataset label copied from original CSV; not interpreted as wind speed.
raw,53(1).jpg,53(1).jpeg,c022a8a1be2128aead65a95a71714e6870f2a8b427aed12092e33e0cbb4b4bb7,53.0,11.55,83.77,,2018314N12093,GAJA,2018-11-14 21:00:00,11.8,83.4575,45.0,996.0,0.3953,embedded coordinates + year/nearest IBTrACS position,HIGH,same normalized filename as reference; OCR of embedded annotation Dataset label copied from original CSV; not interpreted as wind speed.
raw,53(2).jpg,53(2).jpeg,a6776495d5fc74d3d5b7571c36e85817b4b00f836c1efb33b317b26ee5108bac,53.0,12.9,72.6,2021-05-15 02:30:00,2021133N10071,TAUKTAE,2021-05-15 00:00:00,12.8,72.85,40.0,992.0,0.2634,embedded timestamp (<=6h) + nearest IBTrACS position,HIGH,same normalized filename as reference; OCR of embedded annotation Dataset label copied from original CSV; not interpreted as wind speed.
raw,53(3).jpg,53(3).jpeg,ee879cc782d1ae84517b80a8f341474480703e1be1549938291b21585529ac37,53.0,16.3,89.7,2021-05-24 02:30:00,2021143N15090,YAAS,2021-05-24 00:00:00,16.15,89.75,35.0,990.0,0.1575,embedded timestamp (<=6h) + nearest IBTrACS position,HIGH,same normalized filename as reference; OCR of embedded annotation Dataset label copied from original CSV; not interpreted as wind speed.
raw,53.jpg,53.jpeg,b21746d4014efe07cf948ffeda63bfada5cb97f9485d336ef463a5f6ad82309f,53.0,12.55,60.38,2018-10-09 03:30:00,2018279N11069,LUBAN,2018-10-09 00:00:00,12.8,60.5,45.0,994.0,0.2761,embedded timestamp (<=6h) + nearest IBTrACS position,HIGH,same normalized filename as reference; OCR of embedded annotation Dataset label copied from original CSV; not interpreted as wind speed.
raw,54 2.jpg,54.jpeg,343d86eeb77aae5f1303423297c8082f70210e7775a0828e1cad54b16ad5ae13,,15.13,53.75,2018-10-14 01:00:00,2018279N11069,LUBAN,2018-10-13 21:00:00,15.1963,53.2638,40.0,996.0,0.474,embedded timestamp (<=6h) + nearest IBTrACS position,HIGH,explicit cross-product filename/visual match; OCR of embedded annotation Dataset label copied from original CSV; not interpreted as wind speed.
raw,54.jpg,54.jpeg,bb48d306e33768fd02d3945bc2196cbcd4c4af4cdc6ab0fe910233bb24fddfab,54.0,15.13,53.75,2018-10-14 01:00:00,2018279N11069,LUBAN,2018-10-13 21:00:00,15.1963,53.2638,40.0,996.0,0.474,embedded timestamp (<=6h) + nearest IBTrACS position,HIGH,same normalized filename as reference; OCR of embedded annotation Dataset label copied from original CSV; not interpreted as wind speed.
raw,55(2).jpg,55(2).jpeg,af782e32aed8abe3b2834374d65558cf45dba2d8ce26fb96fce5b776a3bc4d49,55.0,7.73,87.51,,2020335N06090,BUREVI,2020-11-30 03:00:00,7.60656,87.5782,25.0,1002.0,0.1407,embedded coordinates + year/nearest IBTrACS position,HIGH,same normalized filename as reference; OCR of embedded annotation Dataset label copied from original CSV; not interpreted as wind speed.
raw,55.JPEG,55.jpeg,a8928b6211358b2e2c72384b40be858b865f2ca4e0f2eb9c1b679572925d6997,55.0,15.19,84.26,2013-11-20 04:00:00,2013322N13090,HELEN,2013-11-20 03:00:00,15.1,84.0675,35.0,1000.0,0.2064,embedded timestamp (<=6h) + nearest IBTrACS position,HIGH,same normalized filename as reference; OCR of embedded annotation Dataset label copied from original CSV; not interpreted as wind speed.
raw,56.jpg,56.jpeg,da0a4d2e127128c200136ede7cc502340c7c3cfd67be7aac85c3c5667f3e2be3,56.0,13.68,84.59,2013-12-09 04:00:00,2013339N09084,MADI,2013-12-09 00:00:00,13.85,84.65,65.0,986.0,0.1797,embedded timestamp (<=6h) + nearest IBTrACS position,HIGH,same normalized filename as reference; OCR of embedded annotation Dataset label copied from original CSV; not interpreted as wind speed.
raw,57(1).jpg,57(1).jpeg,d77ccca97fb01afa2374f0425dc594ba75a125f8db406ff089fef3722b8e162e,57.0,22.59,88.98,,2013149N21090,NOT_NAMED,2013-05-29 15:00:00,22.0,88.7,20.0,994.0,0.6442,embedded coordinates + year/nearest IBTrACS position,HIGH,same normalized filename as reference; OCR of embedded annotation Dataset label copied from original CSV; not interpreted as wind speed.
raw,57(2).jpg,57(2).jpeg,a7f32b53dac463ddd9d9f65d1107a13664fd651a1b7539a94ccb5026205f13d7,57.0,8.07,87.35,2019-04-29 03:00:00,2019116N02090,FANI,2019-04-28 21:00:00,8.38124,87.4075,45.0,992.0,0.3164,embedded timestamp (<=6h) + nearest IBTrACS position,HIGH,same normalized filename as reference; OCR of embedded annotation Dataset label copied from original CSV; not interpreted as wind speed.
raw,57.jpg,57.jpeg,ada881a9f07cce9b47cba3b09262995d5cf4349853a242d0cfe335aa52561861,57.0,11.72,89.41,2013-11-26 04:00:00,2013324N07103,LEHAR,2013-11-26 06:00:00,12.6,89.6,70.0,982.0,0.8995,embedded timestamp (<=6h) + nearest IBTrACS position,HIGH,same normalized filename as reference; OCR of embedded annotation Dataset label copied from original CSV; not interpreted as wind speed.
raw,58(1).jpg,58(1).jpeg,816214c9bc1c0430cd6eac1c3526353eaeb83465aac4a4f839f420685e0ffc69,58.0,8.9,85.1,2018-12-15 02:00:00,2018347N07089,PHETHAI,2018-12-15 03:00:00,9.27875,85.4288,30.0,1001.0,0.499,embedded timestamp (<=6h) + nearest IBTrACS position,HIGH,same normalized filename as reference; OCR of embedded annotation Dataset label copied from original CSV; not interpreted as wind speed.
raw,58.jpg,58.jpeg,51cba4c4da372d22ade47dfc81b2c421305a547d8adee7c822f0fa37f9fe0208,58.0,15.57,84.35,2013-12-10 03:30:00,2013339N09084,MADI,2013-12-10 09:00:00,15.5263,85.2263,65.0,988.0,0.8453,embedded timestamp (<=6h) + nearest IBTrACS position,HIGH,same normalized filename as reference; OCR of embedded annotation Dataset label copied from original CSV; not interpreted as wind speed.
raw,59(1).jpg,59(1).jpeg,f62a1667a807b31ed73d54ac3b7fa16e99ecfea0a8793003eb1f5567ad9f9c0c,59.0,13.96,83.92,2013-12-09 10:00:00,2013339N09084,MADI,2013-12-09 06:00:00,14.3,84.7,65.0,986.0,0.8298,embedded timestamp (<=6h) + nearest IBTrACS position,HIGH,same normalized filename as reference; OCR of embedded annotation Dataset label copied from original CSV; not interpreted as wind speed.
raw,59(2).jpg,59(2).jpeg,19094c04971e696f8f4be96a5b657365772cb56536d1927dc1c07b87e6fdc5a1,59.0,10.55,72.98,2019-10-31 03:00:00,2019301N05081,MAHA,2019-10-30 21:00:00,10.6962,73.2774,40.0,998.0,0.3269,embedded timestamp (<=6h) + nearest IBTrACS position,HIGH,same normalized filename as reference; OCR of embedded annotation Dataset label copied from original CSV; not interpreted as wind speed.
raw,59.jpg,59.jpeg,e92b90f6de77ea55cfdfd1f5b0015bb6a1782dc663559a4545dbd707d40b9e5d,59.0,12.09,91.86,2013-11-25 04:00:00,2013324N07103,LEHAR,2013-11-25 06:00:00,11.95,91.85,55.0,988.0,0.1403,embedded timestamp (<=6h) + nearest IBTrACS position,HIGH,same normalized filename as reference; OCR of embedded annotation Dataset label copied from original CSV; not interpreted as wind speed.
raw,59_LUBAN 2.jpg,59_LUBAN.png,d8596ba176378583534755a52e996f8c24c03a4abaf8015e345013ab2b2bab8d,,14.18,59.02,,2018279N11069,LUBAN,2018-10-10 06:00:00,14.2,58.95,75.0,978.0,0.0708,reference LUBAN composite + IBTrACS,HIGH,explicit cross-product filename/visual match; OCR of embedded annotation Dataset label copied from original CSV; not interpreted as wind speed.
raw,59_LUBAN.jpg,59_LUBAN.png,613872f692da898e3970f912f9e08f9ba70ddf8f97f2bafdad2a91591f6e3f8c,,14.18,59.02,,2018279N11069,LUBAN,2018-10-10 06:00:00,14.2,58.95,75.0,978.0,0.0708,reference LUBAN composite + IBTrACS,HIGH,same normalized filename as reference; OCR of embedded annotation Dataset label copied from original CSV; not interpreted as wind speed.
raw,60(1).jpg,60(1).jpeg,edd91650f8be460ad1aff23de794a28263050cea857e323a8f949065db90b521,60.0,18.51,90.26,2017-05-29 10:30:00,2017147N14087,MORA,2017-05-29 09:00:00,18.2388,91.5612,45.0,986.0,1.2633,embedded timestamp (<=6h) + nearest IBTrACS position,MEDIUM,same normalized filename as reference; OCR of embedded annotation Dataset label copied from original CSV; not interpreted as wind speed.
raw,60(2).jpg,60(2).jpeg,619576d51fa200b040bffe2cad22453d8ffe27a9e7cb5be39cf8d9989bed674d,60.0,8.41,73.62,2017-12-01 03:00:00,2017333N06082,OCKHI,2017-12-01 03:00:00,8.83254,73.7675,55.0,990.0,0.447,embedded timestamp (<=6h) + nearest IBTrACS position,HIGH,same normalized filename as reference; OCR of embedded annotation Dataset label copied from original CSV; not interpreted as wind speed.
raw,60.jpg,60.jpeg,b08a7c2c9c1a0a3e57bb2536888b87986962a3096845fb58fb9d3f71c78c244b,60.0,15.02,83.57,2013-11-20 09:30:00,2013322N13090,HELEN,2013-11-20 06:00:00,15.25,84.05,40.0,1000.0,0.5175,embedded timestamp (<=6h) + nearest IBTrACS position,HIGH,same normalized filename as reference; OCR of embedded annotation Dataset label copied from original CSV; not interpreted as wind speed.
raw,61(1).jpg,61(1).jpeg,b95faf0d922beaf21509d2fdecf8071f83a0fd1a6a534aeab34c72996d90786e,61.0,12.37,84.56,,2016341N08092,VARDAH,2016-12-11 03:00:00,12.9964,84.3538,70.0,980.0,0.658,embedded coordinates + year/nearest IBTrACS position,HIGH,same normalized filename as reference; OCR of embedded annotation Dataset label copied from original CSV; not interpreted as wind speed.
raw,61(2).jpg,61(2).jpeg,71c5385c327c4a44b46fa1b6794c893bc0f9f8bb1c3fbe7657870c15ffb6f6bb,61.0,14.63,56.55,,2018279N11069,LUBAN,2018-10-12 18:00:00,14.75,56.5,45.0,994.0,0.1294,embedded coordinates + year/nearest IBTrACS position,HIGH,same normalized filename as reference; OCR of embedded annotation Dataset label copied from original CSV; not interpreted as wind speed.
raw,61.jpg,61.jpeg,b504293c206f86582e4162b83b558d3242f6d867e8eda17a99aabb9e9ee44558,61.0,12.77,49.86,2015-11-09 03:15:00,2015309N14067,MEGH,2015-11-09 06:00:00,12.25,49.55,80.0,978.0,0.6015,embedded timestamp (<=6h) + nearest IBTrACS position,HIGH,same normalized filename as reference; OCR of embedded annotation Dataset label copied from original CSV; not interpreted as wind speed.
raw,62.jpg,62.jpeg,56c9fa8dfe3e762d551f8b36fcce38a23071e3bc040e51d6ab1b81151ea8b472,62.0,12.74,55.85,2015-11-08 03:15:00,2015309N14067,MEGH,2015-11-08 00:00:00,12.7,56.1,85.0,974.0,0.2471,embedded timestamp (<=6h) + nearest IBTrACS position,HIGH,same normalized filename as reference; OCR of embedded annotation Dataset label copied from original CSV; not interpreted as wind speed.
raw,63(1).jpg,63(1).jpeg,14183511086f2664492d9e58299ecf2df37e415a30f96d51ff95df8eda9c0d58,63.0,8.79,88.03,2018-12-14 07:30:00,2018347N07089,PHETHAI,2018-12-14 03:00:00,8.09999,87.4537,30.0,1002.0,0.8947,embedded timestamp (<=6h) + nearest IBTrACS position,HIGH,same normalized filename as reference; OCR of embedded annotation Dataset label copied from original CSV; not interpreted as wind speed.
raw,63(2).jpg,63(2).jpeg,a7fb116251bbb804906de619f6dd5ed37540add72fc19e8060457dc064fc1f10,63.0,13.5,73.3,,2021133N10071,TAUKTAE,2021-05-15 09:00:00,13.575,73.015,45.0,990.0,0.2871,embedded coordinates + year/nearest IBTrACS position,HIGH,same normalized filename as reference; OCR of embedded annotation Dataset label copied from original CSV; not interpreted as wind speed.
raw,63.jpg,63.jpeg,77658597f1c5ccb385b7f9de9c7cea6456695832a041b85cb36afe658d03870b,63.0,17.1,92.33,2017-04-16 04:00:00,2017104N08085,MAARUTHA,2017-04-16 03:00:00,16.6463,92.4534,40.0,996.0,0.4688,embedded timestamp (<=6h) + nearest IBTrACS position,HIGH,same normalized filename as reference; OCR of embedded annotation Dataset label copied from original CSV; not interpreted as wind speed.
raw,64(1).jpg,64(1).jpeg,027aea1ce868f999ad04615b2efdd520c0fe119a8ec1ff044f2041618e544544,64.0,14.51,58.38,,2018279N11069,LUBAN,2018-10-10 18:00:00,14.5,58.4,75.0,978.0,0.0218,embedded coordinates + year/nearest IBTrACS position,HIGH,same normalized filename as reference; OCR of embedded annotation Dataset label copied from original CSV; not interpreted as wind speed.
raw,64(2).jpg,64(2).jpeg,1e4ede19a88147ee7e468d6d1012fa1e071dba5e3668b4c08d7d289f2727ea62,64.0,17.07,86.91,2019-11-08 03:30:00,2019302N11118,BULBUL:MATMO,2019-11-08 00:00:00,16.95,87.7,65.0,983.0,0.7647,embedded timestamp (<=6h) + nearest IBTrACS position,HIGH,same normalized filename as reference; visual/manual read from embedded annotation Dataset label copied from original CSV; not interpreted as wind speed.
raw,64.jpg,64.jpeg,7d79a90de17865fd6cedc765d2514ce12d106abdcfa3f903ae5bc390a1a01990,64.0,20.8,89.6,2016-05-21 03:15:00,2016138N10081,ROANU,2016-05-21 00:00:00,20.85,89.4,45.0,983.0,0.1935,embedded timestamp (<=6h) + nearest IBTrACS position,HIGH,same normalized filename as reference; OCR of embedded annotation Dataset label copied from original CSV; not interpreted as wind speed.
raw,65(2).jpg,65(2).jpeg,fe0bf90c50e3454c8fa60836788c1ca40e651793b5cc48d799dc21f0b38ccc6e,65.0,23.83,62.65,2021-10-02 03:00:00,2021267N18094,GULAB:SHAHEEN-GU,2021-10-01 21:00:00,23.7999,62.8287,60.0,984.0,0.1662,embedded timestamp (<=6h) + nearest IBTrACS position,HIGH,same normalized filename as reference; visual/manual read from embedded annotation Dataset label copied from original CSV; not interpreted as wind speed.
raw,65(3).jpg,65(3).jpeg,a0e9b538da9e9cf9e632f4309516f174ab848689ebaf71bfd309cd3908433a19,65.0,18.2,88.0,2021-05-25 02:29:00,2021143N15090,YAAS,2021-05-25 03:00:00,18.425,88.4175,55.0,980.0,0.456,embedded timestamp (<=6h) + nearest IBTrACS position,HIGH,same normalized filename as reference; OCR of embedded annotation Dataset label copied from original CSV; not interpreted as wind speed.
raw,65.jpg,65.jpeg,2ece5f891602002b042fd71016c5dc68074a72e7cf7b9247e08bcbc151d64b5f,65.0,12.3,88.74,2013-11-26 09:30:00,2013324N07103,LEHAR,2013-11-26 12:00:00,12.95,88.7,70.0,982.0,0.6512,embedded timestamp (<=6h) + nearest IBTrACS position,HIGH,same normalized filename as reference; OCR of embedded annotation Dataset label copied from original CSV; not interpreted as wind speed.
raw,67 2.jpg,67.png,0d9b4a933345ca8de954049d463a4cf9dcd31e4e67a325c29fd8c51de5dafc92,,14.18,59.02,,2018279N11069,LUBAN,2018-10-10 06:00:00,14.2,58.95,75.0,978.0,0.0708,reference LUBAN composite + IBTrACS,HIGH,explicit cross-product filename/visual match; OCR of embedded annotation Dataset label copied from original CSV; not interpreted as wind speed.
raw,67(1).jpg,67(1).jpeg,8b54c122004d8737b5dbcdf3ccc891909c866e21f8d9430ea66464e3e935caf7,67.0,17.25,90.75,2017-05-29 02:30:00,2017147N14087,MORA,2017-05-29 00:00:00,17.0,91.25,45.0,990.0,0.539,embedded timestamp (<=6h) + nearest IBTrACS position,HIGH,same normalized filename as reference; OCR of embedded annotation Dataset label copied from original CSV; not interpreted as wind speed.
raw,67.jpg,67.jpeg,0bc3b03c92460b9c98e8cae56dffbb5415c452aad332cf0811d7bf8ceb442310,67.0,20.36,64.63,,2014297N11062,NILOFAR,2014-10-30 15:00:00,20.3862,64.6425,,,0.0287,embedded coordinates + year/nearest IBTrACS position,HIGH,same normalized filename as reference; OCR of embedded annotation Dataset label copied from original CSV; not interpreted as wind speed.
raw,68(1).jpg,68(1).jpeg,5065047ecd96f23a67fbb31d0cd4c4862d608fa062797b45dca6136719c287d7,,15.15,72.9,2021-05-16 03:00:00,2021133N10071,TAUKTAE,2021-05-16 00:00:00,15.0,72.75,65.0,979.0,0.2085,embedded timestamp (<=6h) + nearest IBTrACS position,HIGH,same normalized filename as reference; OCR of embedded annotation Dataset label copied from original CSV; not interpreted as wind speed.
raw,68.jpg,68.jpeg,14046684b0cebd73d7795a84cef394e19df27f7b6f57735ca7abc7413c3d678d,68.0,10.8,82.2,2020-11-25 03:30:00,2020327N08086,NIVAR,2020-11-25 00:00:00,10.6,82.2,60.0,986.0,0.2,embedded timestamp (<=6h) + nearest IBTrACS position,HIGH,same normalized filename as reference; OCR of embedded annotation Dataset label copied from original CSV; not interpreted as wind speed.
raw,69(1).jpg,69(1).jpeg,56219b3869420753cd9280c28a0eeaf94c42dcf8e924202725573537f05e2290,69.0,18.9,88.15,2021-05-25 08:30:00,2021143N15090,YAAS,2021-05-25 06:00:00,18.8,88.2,60.0,978.0,0.1106,embedded timestamp (<=6h) + nearest IBTrACS position,HIGH,same normalized filename as reference; OCR of embedded annotation Dataset label copied from original CSV; not interpreted as wind speed.
raw,69.jpg,69.jpeg,a70effc8e4cc36dfdaca2dbab429498b240ab9eb1b3cc07469bdd0c4f7461552,69.0,12.74,80.98,2016-12-12 03:00:00,2016341N08092,VARDAH,2016-12-12 06:00:00,13.2,80.8,70.0,975.0,0.4924,embedded timestamp (<=6h) + nearest IBTrACS position,HIGH,same normalized filename as reference; OCR of embedded annotation Dataset label copied from original CSV; not interpreted as wind speed.
raw,70.jpg,70.jpeg,1d9f4ec61a6e40b43ec4c1e2d6f1e4ed7bbcd568bb775ecc4ce8dc59eb9d7b65,70.0,15.8,61.6,2014-10-28 03:15:00,2014297N11062,NILOFAR,2014-10-28 03:00:00,15.76,61.6812,75.0,977.0,0.0878,embedded timestamp (<=6h) + nearest IBTrACS position,HIGH,same normalized filename as reference; OCR of embedded annotation Dataset label copied from original CSV; not interpreted as wind speed.
raw,73.jpg,73.jpeg,c22b6ee0acda4de7002901f511a094e9700d7ae673d3e7b5960a7378f030d81b,73.0,11.4,55.67,2018-05-23 03:30:00,2018136N11054,MEKUNU:SAGAR,2018-05-23 06:00:00,11.4,56.05,60.0,980.0,0.3725,embedded timestamp (<=6h) + nearest IBTrACS position,HIGH,same normalized filename as reference; OCR of embedded annotation Dataset label copied from original CSV; not interpreted as wind speed.
raw,74(1).jpg,74(1).jpeg,618eb53202bf3dc7df97a495ca6fb62a4376a0f5d6b45fd1032cf7412352c700,74.0,17.83,70.11,2019-06-12 03:30:00,2019160N11073,VAYU,2019-06-12 03:00:00,18.0037,70.1925,75.0,973.0,0.1906,embedded timestamp (<=6h) + nearest IBTrACS position,HIGH,same normalized filename as reference; OCR of embedded annotation Dataset label copied from original CSV; not interpreted as wind speed.
raw,74(2).jpg,74(2).jpeg,fecb8d24649ffc3d111733831c97a8d5b9c7b895b09f6be2b689e5bc61caa9c0,74.0,16.45,72.65,,2021133N10071,TAUKTAE,2021-05-16 09:00:00,16.2713,72.6725,70.0,976.0,0.18,embedded coordinates + year/nearest IBTrACS position,HIGH,same normalized filename as reference; OCR of embedded annotation Dataset label copied from original CSV; not interpreted as wind speed.
raw,74.jpg,74.jpeg,6c83d0a05298f67155788fa0a2ada0528e9ecc29d50f6507a466308c56525fc6,74.0,14.6,62.2,2014-10-27 03:14:00,2014297N11062,NILOFAR,2014-10-27 00:00:00,14.75,62.4,55.0,990.0,0.2449,embedded timestamp (<=6h) + nearest IBTrACS position,HIGH,same normalized filename as reference; OCR of embedded annotation Dataset label copied from original CSV; not interpreted as wind speed.
raw,75.jpg,75.jpeg,48b1f46175df5ae337f091741cb42613071137d7b4bb24e2bb1b494c7131cd32,75.0,13.37,86.83,2020-05-18 04:00:00,2020136N10088,AMPHAN,2020-05-18 00:00:00,13.15,86.35,100.0,952.0,0.5162,embedded timestamp (<=6h) + nearest IBTrACS position,HIGH,same normalized filename as reference; OCR of embedded annotation Dataset label copied from original CSV; not interpreted as wind speed.
raw,77(1).jpg,77(1).jpeg,e80d9b71fd02b9419a2eaf4925ad6df3af9d466096b0ea74b56857778f1ad721,77.0,20.66,69.02,2019-06-03 05:00:00,2019160N11073,VAYU,2019-06-13 09:00:00,20.69,69.175,80.0,970.0,0.1481,embedded coordinates + year/nearest IBTrACS position,HIGH,same normalized filename as reference; OCR of embedded annotation Dataset label copied from original CSV; not interpreted as wind speed.
raw,77.jpg,77.jpeg,45c8d0b665ee60c904a996ff364d9dfef06c8497cd7bf74298633a4bca870418,77.0,14.8,90.3,2014-10-10 03:30:00,2014279N11096,HUDHUD,2014-10-10 00:00:00,14.55,87.65,60.0,988.0,2.5743,embedded timestamp (<=6h) + nearest IBTrACS position,MEDIUM,same normalized filename as reference; OCR of embedded annotation Dataset label copied from original CSV; not interpreted as wind speed.
raw,81 2.jpg,68(1).jpeg,b98b78f923717ddfdd94f0e99e9ce85e89eee62ceb8f56957b1c1472ce3b2252,,15.15,72.9,2021-05-16 03:00:00,2021133N10071,TAUKTAE,2021-05-16 00:00:00,15.0,72.75,65.0,979.0,0.2085,embedded timestamp (<=6h) + nearest IBTrACS position,HIGH,explicit cross-product filename/visual match; OCR of embedded annotation Dataset label copied from original CSV; not interpreted as wind speed.
raw,81.jpg,81.jpeg,de88f7a51e9252780ac9f035615a8e0b01af7847ea3d7546f5be4158dffe72c3,81.0,13.16,51.9,2015-11-02 03:44:00,2015301N11065,CHAPALA,2015-11-02 03:00:00,13.2137,52.1501,95.0,960.0,0.2494,embedded timestamp (<=6h) + nearest IBTrACS position,HIGH,same normalized filename as reference; OCR of embedded annotation Dataset label copied from original CSV; not interpreted as wind speed.
raw,82(1).jpg,82(1).jpeg,bfcdc9a111ea0f88a5a1daf8122cfe5b7eb232c6b9c4344d7d787119ac5dd88d,82.0,19.8,71.3,2021-05-17 09:29:00,2021133N10071,TAUKTAE,2021-05-17 09:00:00,19.6199,71.45,100.0,950.0,0.2288,embedded timestamp (<=6h) + nearest IBTrACS position,HIGH,same normalized filename as reference; OCR of embedded annotation Dataset label copied from original CSV; not interpreted as wind speed.
raw,82.jpg,82.jpeg,33409004af506d21a84c8001d8da513222265e9a11f53a983c2868802ffa4ebe,82.0,14.77,68.57,2017-12-04 08:30:00,2017333N06082,OCKHI,2017-12-04 06:00:00,14.8,68.7,65.0,986.0,0.1292,embedded timestamp (<=6h) + nearest IBTrACS position,HIGH,same normalized filename as reference; OCR of embedded annotation Dataset label copied from original CSV; not interpreted as wind speed.
raw,83(1).jpg,83(1).jpeg,91c10af114ea5f8da2ff76f827d0fe467fa724d1e0aace0714ea51422ca73cb7,83.0,13.88,68.3,2017-12-04 03:00:00,2017333N06082,OCKHI,2017-12-03 21:00:00,13.9037,68.485,75.0,982.0,0.1812,embedded timestamp (<=6h) + nearest IBTrACS position,HIGH,same normalized filename as reference; OCR of embedded annotation Dataset label copied from original CSV; not interpreted as wind speed.
raw,84 2.jpg,84.jpeg,e83f935e0c0a0ca0b847ddbeebb82ca06df446f99b4038f224dabeeb3dda963f,,18.98,61.94,,2014297N11062,NILOFAR,2014-10-29 09:00:00,18.8325,61.9813,90.0,968.0,0.1526,embedded coordinates + year/nearest IBTrACS position,HIGH,explicit cross-product filename/visual match; OCR of embedded annotation Dataset label copied from original CSV; not interpreted as wind speed.
raw,84.jpg,84.jpeg,1ee39b75dd067d7fce8a21dec0cb23d7a57cd4c412ff3ed592981df6020771e4,84.0,18.98,61.94,,2014297N11062,NILOFAR,2014-10-29 09:00:00,18.8325,61.9813,90.0,968.0,0.1526,embedded coordinates + year/nearest IBTrACS position,HIGH,same normalized filename as reference; OCR of embedded annotation Dataset label copied from original CSV; not interpreted as wind speed.
raw,85(1).jpg,85(1).jpeg,733d8eca1a7b38ed5b843abd40d75067e691231f2d01ea1a34b7e4fb996e9a46,85.0,14.47,61.3,,2015301N11065,CHAPALA,2015-10-30 03:00:00,14.2288,61.4712,105.0,954.0,0.2927,embedded coordinates + year/nearest IBTrACS position,HIGH,same normalized filename as reference; OCR of embedded annotation Dataset label copied from original CSV; not interpreted as wind speed.
raw,85(2).jpg,85(2).jpeg,daf4fa9aaf1e53c1c918f888ffa108dd3ec85493e2d9b379d431fc147fedebff,85.0,14.1,59.1,,2015301N11065,CHAPALA,2015-10-31 03:00:00,13.7963,59.1575,110.0,946.0,0.3088,embedded coordinates + year/nearest IBTrACS position,HIGH,same normalized filename as reference; OCR of embedded annotation Dataset label copied from original CSV; not interpreted as wind speed.
raw,85.jpg,85.jpeg,5f01d4346e8189b49fede9fdfcc032eb1a6e6ef90a973f338dca81dfea3e20e1,85.0,15.8,86.3,2014-10-10 21:15:00,2014279N11096,HUDHUD,2014-10-10 18:00:00,15.6,86.3,75.0,978.0,0.2,embedded timestamp (<=6h) + nearest IBTrACS position,HIGH,same normalized filename as reference; OCR of embedded annotation Dataset label copied from original CSV; not interpreted as wind speed.
raw,86(1).jpg,86(1).jpeg,1a3ff5bcfbd423509cca97f7a6b97b4d24e6e8edad91b64e9be75ba17d69017e,86.0,9.05,71.51,2017-12-02 03:30:00,2017333N06082,OCKHI,2017-12-02 00:00:00,9.45,71.5,80.0,978.0,0.4001,embedded timestamp (<=6h) + nearest IBTrACS position,HIGH,same normalized filename as reference; OCR of embedded annotation Dataset label copied from original CSV; not interpreted as wind speed.
raw,86(2).jpg,86(2).jpeg,d99162f873e6fedaf65cd9fe541fd701ace2d2be1f9c934e2331a5605a261166,86.0,18.9,71.4,2021-05-17 03:00:00,2021133N10071,TAUKTAE,2021-05-17 03:00:00,18.7925,71.6,100.0,950.0,0.2176,embedded timestamp (<=6h) + nearest IBTrACS position,HIGH,same normalized filename as reference; OCR of embedded annotation Dataset label copied from original CSV; not interpreted as wind speed.
raw,86.jpg,86.jpeg,2201fa854996651a32b94f42e8bef89108fe32d67595f05e67ffd9c24d8afdd7,86.0,13.6,56.4,2015-11-01 02:14:00,2015301N11065,CHAPALA,2015-11-01 00:00:00,13.65,56.4,105.0,950.0,0.05,embedded timestamp (<=6h) + nearest IBTrACS position,HIGH,same normalized filename as reference; OCR of embedded annotation Dataset label copied from original CSV; not interpreted as wind speed.
raw,87.jpg,87.jpeg,8d706ee81ba9e90fd88c76bb138322bf480a9924abff40eb45c0fa8b4ef94ddb,87.0,20.91,91.09,,2015207N22091,KOMEN,2015-07-29 00:00:00,20.95,91.1,30.0,990.0,0.0411,embedded coordinates + year/nearest IBTrACS position,HIGH,same normalized filename as reference; OCR of embedded annotation Dataset label copied from original CSV; not interpreted as wind speed.
raw,94.jpg,94.jpeg,3849eecfb37eddde4541a5174ab4ea6b856687299c3e9a4a6c4eba95a6d64aff,94.0,21.12,68.38,2019-06-14 03:30:00,2019160N11073,VAYU,2019-06-14 03:00:00,20.9825,68.4175,75.0,973.0,0.1419,embedded timestamp (<=6h) + nearest IBTrACS position,HIGH,same normalized filename as reference; OCR of embedded annotation Dataset label copied from original CSV; not interpreted as wind speed.
raw,98.jpg,98.jpeg,a4c0a3e13b70af38784ae8dfbe41cbcc62ce90adcefbfaca0bf17a1a3a8d3db6,98.0,12.59,85.47,2019-04-30 03:30:00,2019116N02090,FANI,2019-04-30 06:00:00,12.7,85.75,80.0,970.0,0.2946,embedded timestamp (<=6h) + nearest IBTrACS position,HIGH,same normalized filename as reference; OCR of embedded annotation Dataset label copied from original CSV; not interpreted as wind speed.
raw,99.jpg,99.jpeg,6c1306620bce24f31f213aa1457ec93ee2a79e29d176fccc7f3aa06ae35eb8e5,99.0,18.58,64.19,2019-11-04 07:30:00,2019301N05081,MAHA,2019-11-04 09:00:00,18.6999,64.2499,95.0,962.0,0.1327,embedded timestamp (<=6h) + nearest IBTrACS position,HIGH,same normalized filename as reference; OCR of embedded annotation Dataset label copied from original CSV; not interpreted as wind speed.
infrared,101.jpg,101.jpeg,8551d01791836a917f6c32329695ac62d945823c40b2d07dd59dcd86cd14c290,101.0,17.95,85.9,2013-10-12 04:00:00,2013281N12098,PHAILIN,2013-10-12 06:00:00,18.05,85.75,115.0,940.0,0.1742,embedded timestamp (<=6h) + nearest IBTrACS position,HIGH,same normalized filename as reference; OCR of embedded annotation Dataset label copied from original CSV; not interpreted as wind speed.
infrared,102.jpg,102.jpeg,333cce161a51e8dca79182b36b041e1c3b7cfe98fc588753976d6309ed6dde64,102.0,17.9,86.2,2013-10-12 02:00:00,2013281N12098,PHAILIN,2013-10-12 03:00:00,17.7462,86.0499,115.0,940.0,0.2099,embedded timestamp (<=6h) + nearest IBTrACS position,HIGH,same normalized filename as reference; OCR of embedded annotation Dataset label copied from original CSV; not interpreted as wind speed.
infrared,106.jpg,106.jpeg,07821bc89c610df2b3187261172ee9213595f52d35dcb88ab1dd2e117123c6e7,106.0,13.48,55.74,2018-05-24 03:30:00,2018136N11054,MEKUNU:SAGAR,2018-05-24 03:00:00,13.3212,55.5287,75.0,972.0,0.2597,embedded timestamp (<=6h) + nearest IBTrACS position,HIGH,same normalized filename as reference; OCR of embedded annotation Dataset label copied from original CSV; not interpreted as wind speed.
infrared,111.jpg,111.jpeg,b10ee14f89a186522d422881c26c9ccdc633aa05c35fe69df52f0a6497b10bed,111.0,13.09,84.95,2013-11-27 03:30:00,2013324N07103,LEHAR,2013-11-27 09:00:00,13.9536,85.5211,65.0,984.0,1.0272,embedded timestamp (<=6h) + nearest IBTrACS position,MEDIUM,same normalized filename as reference; OCR of embedded annotation Dataset label copied from original CSV; not interpreted as wind speed.
infrared,112.jpg,112.jpeg,79d38dc044c671949894cdf13ac53aaf5b4e65c23c527447e4c35027eeb72fab,112.0,14.03,83.66,2019-05-01 03:30:00,2019116N02090,FANI,2019-05-01 03:00:00,14.0675,83.985,95.0,957.0,0.3175,embedded timestamp (<=6h) + nearest IBTrACS position,HIGH,same normalized filename as reference; OCR of embedded annotation Dataset label copied from original CSV; not interpreted as wind speed.
infrared,115.jpg,115.jpeg,35082965a9ff195ac984be774af3e535a241febdc98df836668cce7f3faa13eb,115.0,17.3,84.8,2014-10-11 22:14:00,2014279N11096,HUDHUD,2014-10-11 21:00:00,16.8,84.3899,100.0,952.0,0.6351,embedded timestamp (<=6h) + nearest IBTrACS position,HIGH,same normalized filename as reference; OCR of embedded annotation Dataset label copied from original CSV; not interpreted as wind speed.
infrared,118.jpg,118.jpeg,df1629366b828aab31028d03b45e65733742f4ea55fd9e9cbd8cdfc88bb23d95,118.0,16.27,85.81,,2020285N15087,NOT_NAMED,2020-10-11 12:00:00,15.5,85.4,25.0,998.0,0.8648,embedded coordinates + year/nearest IBTrACS position,HIGH,same normalized filename as reference; OCR of embedded annotation Dataset label copied from original CSV; not interpreted as wind speed.
infrared,119.jpg,119.jpeg,bfc0ed97c4b5b3f8275faef180cd4bcb1d72108ebdf386eb59bd8684fc37e8d9,119.0,20.29,86.79,,2020296N19087,NOT_NAMED,2020-10-22 15:00:00,19.9274,87.4279,,,0.6996,embedded coordinates + year/nearest IBTrACS position,HIGH,same normalized filename as reference; OCR of embedded annotation Dataset label copied from original CSV; not interpreted as wind speed.
infrared,128.jpg,128.jpeg,f76c2729cbbb0c64199f5628de7530efdf0ac0b7e20ef6bb1a401fb949e4898e,128.0,15.06,54.16,2018-05-25 03:00:00,2018136N11054,MEKUNU:SAGAR,2018-05-25 00:00:00,15.2,54.6,85.0,968.0,0.4474,embedded timestamp (<=6h) + nearest IBTrACS position,HIGH,same normalized filename as reference; OCR of embedded annotation Dataset label copied from original CSV; not interpreted as wind speed.
infrared,25.jpg,25.jpeg,02ec1842b21c93390493ca3679d1d824bc32d36017ada654c5aa8e4ff5ba4ec5,25.0,10.65,80.51,2013-12-12 04:00:00,2013339N09084,MADI,2013-12-12 09:00:00,10.8773,80.8413,25.0,1000.0,0.3971,embedded timestamp (<=6h) + nearest IBTrACS position,HIGH,same normalized filename as reference; OCR of embedded annotation Dataset label copied from original CSV; not interpreted as wind speed.
infrared,27.jpg,27.jpeg,acea341326e3f5a1103b9c300223f16af31f7da9558b1b912f6a638e3e7cca9c,27.0,13.76,64.49,2015-11-05 07:44:00,2015309N14067,MEGH,2015-11-05 09:00:00,14.0129,64.3169,,,0.3037,embedded timestamp (<=6h) + nearest IBTrACS position,HIGH,same normalized filename as reference; OCR of embedded annotation Dataset label copied from original CSV; not interpreted as wind speed.
infrared,28.jpg,28.jpeg,87dff5923e3c0bf3b93f7e4db60d6a1b372a77522f44ff2f0d68b0cce2ff87e3,28.0,10.31,52.1,2020-11-22 08:30:00,2020326N11063,GATI,2020-11-22 09:00:00,10.3924,51.9851,65.0,982.0,0.1399,embedded timestamp (<=6h) + nearest IBTrACS position,HIGH,same normalized filename as reference; visual/manual read from embedded annotation Dataset label copied from original CSV; not interpreted as wind speed.
infrared,30(1).jpg,30(1).jpeg,34e37deeceeeae9afde173fc393eaea50de3dac66c544b1a7c3087aae628f0f1,30.0,9.0,80.1,2020-12-03 02:30:00,2020335N06090,BUREVI,2020-12-03 03:00:00,9.14245,80.36,40.0,998.0,0.2937,embedded timestamp (<=6h) + nearest IBTrACS position,HIGH,same normalized filename as reference; OCR of embedded annotation Dataset label copied from original CSV; not interpreted as wind speed.
infrared,30.jpg,30.jpeg,d58ef179e9160d6b4911203fa2cc6d85e16e432a6694c1a2d533f7f5a2e02119,30.0,12.96,84.83,2018-11-14 03:00:00,2018314N12093,GAJA,2018-11-14 06:00:00,12.8,84.95,45.0,996.0,0.1982,embedded timestamp (<=6h) + nearest IBTrACS position,HIGH,same normalized filename as reference; OCR of embedded annotation Dataset label copied from original CSV; not interpreted as wind speed.
infrared,31.jpg,31.jpeg,5882ef92efcc4c9828e9e97e21bb74bd274b3e0ba7f30f22239509636f7f13ce,31.0,15.25,83.73,2013-12-11 03:30:00,2013339N09084,MADI,2013-12-11 00:00:00,14.4,84.1,40.0,996.0,0.9219,embedded timestamp (<=6h) + nearest IBTrACS position,HIGH,same normalized filename as reference; OCR of embedded annotation Dataset label copied from original CSV; not interpreted as wind speed.
infrared,32(1).jpg,32(1).jpeg,409717c968183d74a2e48294901f925eb496c3885ea7cf6a486443bbff86dbaa,32.0,22.7,68.15,2021-09-30 09:30:00,2021267N18094,GULAB:SHAHEEN-GU,2021-09-30 06:00:00,22.6286,68.2571,25.0,998.0,0.1219,embedded timestamp (<=6h) + nearest IBTrACS position,HIGH,same normalized filename as reference; OCR of embedded annotation Dataset label copied from original CSV; not interpreted as wind speed.
infrared,32.jpg,32.jpeg,60be9b9358fae62dcc88bc6b48f3e3a7a62f205e7741a2ec51700db5e0fb48cf,32.0,13.04,61.74,2015-11-06 03:45:00,2015309N14067,MEGH,2015-11-06 09:00:00,13.15,61.55,45.0,994.0,0.2153,embedded timestamp (<=6h) + nearest IBTrACS position,HIGH,same normalized filename as reference; OCR of embedded annotation Dataset label copied from original CSV; not interpreted as wind speed.
infrared,33(1).jpg,33(1).jpeg,c27160112bd1d3538605d4d3e59a45fc478499f3419158628579c6074919da3d,33.0,8.1,53.1,2019-12-06 03:30:00,2019335N05058,PAWAN,2019-12-06 03:00:00,8.14246,53.1113,35.0,999.0,0.0439,embedded timestamp (<=6h) + nearest IBTrACS position,HIGH,same normalized filename as reference; visual/manual read from embedded annotation Dataset label copied from original CSV; not interpreted as wind speed.
infrared,33(2).jpg,33(2).jpeg,04556b6705fb603124868e50cc85bf87568ccf3ed54f92ecdc40bed9e9bc6a9e,33.0,7.8,86.2,2020-12-01 03:30:00,2020335N06090,BUREVI,2020-12-01 00:00:00,7.4,86.1,30.0,1000.0,0.4121,embedded timestamp (<=6h) + nearest IBTrACS position,HIGH,same normalized filename as reference; OCR of embedded annotation Dataset label copied from original CSV; not interpreted as wind speed.
infrared,33.jpg,33.jpeg,1652e7b7c6605a233ff0e75d6468b6dc8e0e6656ea60416e2cf60f02ce495c9b,33.0,15.57,84.28,2013-12-11 09:00:00,2013339N09084,MADI,2013-12-11 03:00:00,14.1037,83.8288,30.0,998.0,1.5294,embedded timestamp (<=6h) + nearest IBTrACS position,MEDIUM,same normalized filename as reference; OCR of embedded annotation Dataset label copied from original CSV; not interpreted as wind speed.
infrared,34(1).jpg,34(!).jpeg,6775fccf96418b243af9f244cb09dcba2e8f25d8da2015a26c791afc022cfcd1,34.0,17.94,88.07,2018-09-20 07:00:00,2018263N17089,DAYE,2018-09-20 06:00:00,17.55,87.0,30.0,995.0,1.0901,embedded timestamp (<=6h) + nearest IBTrACS position,MEDIUM,explicit cross-product filename/visual match; OCR of embedded annotation Dataset label copied from original CSV; not interpreted as wind speed.
infrared,34.jpg,34.jpeg,95feec6e72e87c4b073ed4fa9724ef4c29ec4262ea4226f9912cc21fd3e91471,34.0,16.33,81.33,2013-11-28 03:30:00,2013324N07103,LEHAR,2013-11-28 09:00:00,15.4532,81.3717,25.0,1002.0,0.8777,embedded timestamp (<=6h) + nearest IBTrACS position,HIGH,same normalized filename as reference; OCR of embedded annotation Dataset label copied from original CSV; not interpreted as wind speed.
infrared,35(1).jpg,35(1).jpeg,9994a099d453a047c820282ddf914e0dbb1e27415fae4b1f62fbf0c39dee5e6b,35.0,13.16,59.5,2015-11-07 02:45:00,2015309N14067,MEGH,2015-11-07 03:00:00,12.7674,59.6362,45.0,994.0,0.4144,embedded timestamp (<=6h) + nearest IBTrACS position,HIGH,same normalized filename as reference; OCR of embedded annotation Dataset label copied from original CSV; not interpreted as wind speed.
infrared,35(2).jpg,35(2).jpeg,03cfc7d775b6f3d58d9158855abc73ac90909784659f91a0345192cac9afc339,35.0,10.99,82.07,2018-11-15 08:30:00,2018314N12093,GAJA,2018-11-15 06:00:00,11.25,82.15,55.0,990.0,0.2716,embedded timestamp (<=6h) + nearest IBTrACS position,HIGH,same normalized filename as reference; visual/manual read from embedded annotation Dataset label copied from original CSV; not interpreted as wind speed.
infrared,35(3).jpg,35(3).jpeg,c002444890b94f1cacb7ffee4551703374b7a30484639b4c371ce1bb6c26c6b7,35.0,22.7,69.55,2021-09-30 04:00:00,2021267N18094,GULAB:SHAHEEN-GU,2021-09-30 00:00:00,22.62,69.26,25.0,998.0,0.2792,embedded timestamp (<=6h) + nearest IBTrACS position,HIGH,same normalized filename as reference; OCR of embedded annotation Dataset label copied from original CSV; not interpreted as wind speed.
infrared,35.jpg,35.jpeg,3e2ae2516944192c6a85f912484bddd3daa009c9b47a370388fcf220f6fafcc0,35.0,13.99,64.77,,2015309N14067,MEGH,2015-11-05 06:00:00,14.0429,64.8,30.0,1002.0,0.0604,embedded coordinates + year/nearest IBTrACS position,HIGH,same normalized filename as reference; OCR of embedded annotation Dataset label copied from original CSV; not interpreted as wind speed.
infrared,36(1).jpg,36(1).jpeg,a6bdd5692c505ea7cd473791bd7dad61b7dbbab6753ae52dc5259b79659f3836,36.0,10.58,80.41,2016-12-01 01:00:00,2016335N07088,NADA,2016-12-01 06:00:00,10.5,81.25,30.0,1003.0,0.8296,embedded timestamp (<=6h) + nearest IBTrACS position,HIGH,same normalized filename as reference; OCR of embedded annotation Dataset label copied from original CSV; not interpreted as wind speed.
infrared,36(2).jpg,36(2).jpeg,d0c4112b0f65da2888a567587acf048429685b755bb601d02e2200ba15af7ecb,36.0,6.97,56.51,2019-12-03 04:00:00,2019335N05058,PAWAN,2019-12-03 06:00:00,6.9,56.85,30.0,1000.0,0.3447,embedded timestamp (<=6h) + nearest IBTrACS position,HIGH,same normalized filename as reference; visual/manual read from embedded annotation Dataset label copied from original CSV; not interpreted as wind speed.
infrared,36(3).jpg,36(3).jpeg,ea35e4602d95d999cf376cbc772b8e4bafcb827eaf688ce56e5dc61d9af5348b,36.0,9.64,56.21,2019-12-05 03:00:00,2019335N05058,PAWAN,2019-12-05 06:00:00,9.4,56.05,35.0,999.0,0.2872,embedded timestamp (<=6h) + nearest IBTrACS position,HIGH,same normalized filename as reference; visual/manual read from embedded annotation Dataset label copied from original CSV; not interpreted as wind speed.
infrared,36.jpg,36.jpeg,4ffcb9036c0c818f37753c64c71ce6c27c6972b73d4f27c81fe86535d7ee19ca,36.0,14.68,47.64,2015-11-03 02:45:00,2015301N11065,CHAPALA,2015-11-03 06:00:00,14.05,47.85,45.0,996.0,0.6619,embedded timestamp (<=6h) + nearest IBTrACS position,HIGH,same normalized filename as reference; OCR of embedded annotation Dataset label copied from original CSV; not interpreted as wind speed.
infrared,37.jpg,37.jpeg,e8f9a0ff22ac3faaeaf5b1b13c49c82b25ea34989d9561f87c80130840ef47a7,37.0,12.87,85.25,2014-11-07 03:44:00,2014309N13088,NOT_NAMED,2014-11-07 09:00:00,14.2078,87.492,,,2.5626,embedded timestamp (<=6h) + nearest IBTrACS position,MEDIUM,same normalized filename as reference; OCR of embedded annotation Dataset label copied from original CSV; not interpreted as wind speed.
infrared,38.jpg,38.jpeg,d5f664690a665f2927c606f7f2e993178418412f478be6fd7cca1024a812fd32,38.0,14.33,89.54,,2018314N12093,GAJA,2018-11-11 00:00:00,13.35,89.2,35.0,999.0,1.0339,embedded coordinates + year/nearest IBTrACS position,MEDIUM,same normalized filename as reference; OCR of embedded annotation Dataset label copied from original CSV; not interpreted as wind speed.
infrared,39.jpg,39.jpeg,6ded8060fae2dce49b96cc8b3915a13da493f055e462899c9c1af2fe5f71484e,39.0,14.93,89.54,2019-11-07 03:00:00,2019302N11118,BULBUL:MATMO,2019-11-07 03:00:00,14.7537,89.1175,35.0,998.0,0.4447,embedded timestamp (<=6h) + nearest IBTrACS position,HIGH,same normalized filename as reference; OCR of embedded annotation Dataset label copied from original CSV; not interpreted as wind speed.
infrared,40(1).jpg,40(1).jpeg,e1998bb4cbd217183e87840d9fb1a68ee26011ddedac26339f7a205a3344b78b,40.0,16.7,88.32,2016-10-26 00:00:00,2016295N13089,KYANT,2016-10-26 03:00:00,16.3389,88.4539,40.0,996.0,0.3832,embedded timestamp (<=6h) + nearest IBTrACS position,HIGH,same normalized filename as reference; OCR of embedded annotation Dataset label copied from original CSV; not interpreted as wind speed.
infrared,40(2).jpg,40(2).jpeg,0c55a6c76d4c65fcebc7963d7322f6f6d687a0c68791f46395cab1c8776ea055,40.0,19.55,65.55,2019-09-23 05:30:00,2019264N19071,HIKAA:HIKKA,2019-09-23 03:00:00,20.2924,65.5038,40.0,996.0,0.7437,embedded timestamp (<=6h) + nearest IBTrACS position,HIGH,same normalized filename as reference; OCR of embedded annotation Dataset label copied from original CSV; not interpreted as wind speed.
infrared,40(3).jpg,40(3).jpeg,0be086070dcfefec36276101f565dfdcbd11db6606abb5d2370ca78d80529200,40.0,15.3,90.0,2021-05-23 03:30:00,2021143N15090,YAAS,2021-05-23 03:00:00,15.44,89.8525,,,0.1996,embedded timestamp (<=6h) + nearest IBTrACS position,HIGH,same normalized filename as reference; OCR of embedded annotation Dataset label copied from original CSV; not interpreted as wind speed.
infrared,40.jpg,40.jpeg,d197c530f11a93f025689aa88a5e307d26cd9ed76e8ed7f279947a69912ae16d,40.0,12.17,84.25,2013-05-13 03:30:00,2013130N04093,MAHASEN:VIYARU,2013-05-13 09:00:00,12.0388,85.9462,40.0,994.0,1.6633,embedded timestamp (<=6h) + nearest IBTrACS position,MEDIUM,same normalized filename as reference; OCR of embedded annotation Dataset label copied from original CSV; not interpreted as wind speed.
infrared,41.jpg,41.jpeg,7afb505062a8e54bcc921deff1e1567d2819020769bb15cee16346ab15525990,41.0,12.49,84.93,2013-05-13 02:30:00,2013130N04093,MAHASEN:VIYARU,2013-05-13 06:00:00,11.95,86.35,40.0,994.0,1.4878,embedded timestamp (<=6h) + nearest IBTrACS position,MEDIUM,same normalized filename as reference; OCR of embedded annotation Dataset label copied from original CSV; not interpreted as wind speed.
infrared,42(3).jpg,42(3).jpeg,8e66750e2f4022690f4aed09eb0411cdff9c5956eb2b3289d24bd3c0ff59bbee,42.0,16.5,84.7,2021-12-04 06:00:00,2021335N08096,JAWAD,2021-12-04 06:00:00,16.35,84.85,35.0,1001.0,0.2078,embedded timestamp (<=6h) + nearest IBTrACS position,HIGH,same normalized filename as reference; OCR of embedded annotation Dataset label copied from original CSV; not interpreted as wind speed.
infrared,42.jpg,42.jpeg,7adb2b2adfcd37646c75898e17893353c06a78d19562c29e8e80a2751877c470,42.0,7.25,77.51,,2017333N06082,OCKHI,2017-11-30 03:00:00,7.50758,77.3713,35.0,999.0,0.292,embedded coordinates + year/nearest IBTrACS position,HIGH,same normalized filename as reference; OCR of embedded annotation Dataset label copied from original CSV; not interpreted as wind speed.
infrared,43(2).jpg,43(2).jpeg,c130fa15793e074ce6fd3fdd6a790cc5abbd9a339a7c1083acbee5d4f5ba073b,43.0,24.23,58.95,,2021267N18094,GULAB:SHAHEEN-GU,2021-10-03 03:00:00,24.1461,59.0788,60.0,984.0,0.1443,embedded coordinates + year/nearest IBTrACS position,HIGH,same normalized filename as reference; OCR of embedded annotation Dataset label copied from original CSV; not interpreted as wind speed.
infrared,43.jpg,43.jpeg,165b948785ac4f83204642a120e23f6478cf0ef1e9c50ccda080f23696f84c68,43.0,12.57,85.24,,2013130N04093,MAHASEN:VIYARU,2013-05-13 18:00:00,12.8,85.45,40.0,994.0,0.3081,embedded coordinates + year/nearest IBTrACS position,HIGH,same normalized filename as reference; OCR of embedded annotation Dataset label copied from original CSV; not interpreted as wind speed.
infrared,44(1).jpg,44(1).jpeg,4b8d1c160bcf6d51ba87b9b8c6f66962ca6975c10899be37d5c0f31d64f7ac94,44.0,18.47,65.73,,2014159N12068,NANAUK,2014-06-12 00:00:00,17.9,65.25,45.0,986.0,0.7295,embedded coordinates + year/nearest IBTrACS position,HIGH,same normalized filename as reference; OCR of embedded annotation Dataset label copied from original CSV; not interpreted as wind speed.
infrared,44(2).jpg,44(2).jpeg,1ed2daa780358584bab191181910855345d923b13c26141ea5e2cd530a0edb7f,44.0,13.41,86.68,2018-11-13 02:30:00,2018314N12093,GAJA,2018-11-13 06:00:00,13.65,86.55,40.0,998.0,0.2713,embedded timestamp (<=6h) + nearest IBTrACS position,HIGH,same normalized filename as reference; OCR of embedded annotation Dataset label copied from original CSV; not interpreted as wind speed.
infrared,44(3).jpg,44(3).jpeg,890ede0ae764d3f87e6ccde2e5f3f4cbe874078c3da56459cc1ca8baeb97d729,44.0,9.51,82.1,2020-11-24 05:30:00,2020327N08086,NIVAR,2020-11-24 09:00:00,9.86,82.85,45.0,992.0,0.8183,embedded timestamp (<=6h) + nearest IBTrACS position,HIGH,same normalized filename as reference; OCR of embedded annotation Dataset label copied from original CSV; not interpreted as wind speed.
infrared,44.jpg,44.jpeg,3039e0386a70b3e101560f840d0e5af52d983ff41500e18e871a0b2e643b97ea,44.0,12.7,90.94,2016-12-09 02:00:00,2016341N08092,VARDAH,2016-12-09 06:00:00,11.95,90.45,45.0,996.0,0.8894,embedded timestamp (<=6h) + nearest IBTrACS position,HIGH,same normalized filename as reference; OCR of embedded annotation Dataset label copied from original CSV; not interpreted as wind speed.
infrared,45(1).jpg,45(1).jpeg,9d18b78190e18e4acde1ec4cc8281bc923be3d9a758e8c2ec3bdd7d82f50d8e0,45.0,8.3,84.07,2016-11-30 04:00:00,2016335N07088,NADA,2016-11-30 06:00:00,9.05,84.85,35.0,1002.0,1.0762,embedded timestamp (<=6h) + nearest IBTrACS position,MEDIUM,same normalized filename as reference; OCR of embedded annotation Dataset label copied from original CSV; not interpreted as wind speed.
infrared,45(2).jpg,45(2).jpeg,90509cc1164e91d99fe590e83def143bd366002e2dda7f8486c84edad16ae273,45.0,14.79,80.92,2016-05-19 03:45:00,2016138N10081,ROANU,2016-05-19 00:00:00,15.1,81.6,35.0,990.0,0.7269,embedded timestamp (<=6h) + nearest IBTrACS position,HIGH,same normalized filename as reference; OCR of embedded annotation Dataset label copied from original CSV; not interpreted as wind speed.
infrared,45(3).jpg,45(3).jpeg,e9e5948c55a9b107326fc4a4e060207d5046cb0978338eedb6c4c1b7eb0cf2f2,45.0,20.16,59.89,2019-09-24 04:00:00,2019264N19071,HIKAA:HIKKA,2019-09-24 06:00:00,20.0,59.55,75.0,978.0,0.357,embedded timestamp (<=6h) + nearest IBTrACS position,HIGH,same normalized filename as reference; OCR of embedded annotation Dataset label copied from original CSV; not interpreted as wind speed.
infrared,45(4).jpg,45(4).jpeg,f7cc72f330de697f2e5202f353fef53aefe5e0051c25e82f0f714336a795c935,45.0,15.21,71.28,2020-06-02 04:00:00,2020153N13072,NISARGA,2020-06-02 03:00:00,15.325,71.25,30.0,1000.0,0.1186,embedded timestamp (<=6h) + nearest IBTrACS position,HIGH,same normalized filename as reference; OCR of embedded annotation Dataset label copied from original CSV; not interpreted as wind speed.
infrared,45.jpg,45.jpeg,0e6080526725c632d3cc6ef6c87589b9d4aff37fc9b2c7bd308fa0a51523b7a4,45.0,14.37,84.69,,2013339N09084,MADI,2013-12-09 06:00:00,14.3,84.7,65.0,986.0,0.0707,embedded coordinates + year/nearest IBTrACS position,HIGH,same normalized filename as reference; OCR of embedded annotation Dataset label copied from original CSV; not interpreted as wind speed.
infrared,46(1).jpg,46(1).jpeg,6b4be1d6d93c2e8b30d76960ac9a0f9a0b69e599a399bc451e5d144c0e9e9dad,46.0,12.22,86.9,2018-11-12 04:00:00,2018314N12093,GAJA,2018-11-12 06:00:00,12.6,87.25,40.0,998.0,0.5113,embedded timestamp (<=6h) + nearest IBTrACS position,HIGH,same normalized filename as reference; OCR of embedded annotation Dataset label copied from original CSV; not interpreted as wind speed.
infrared,46(3).jpg,46(3).jpeg,196de4a2dad585130b2238e0ade27d59551307daaa67e9ff0872adfd5ccbb732,46.0,15.95,85.75,2021-12-03 09:00:00,2021335N08096,JAWAD,2021-12-03 15:00:00,15.21,85.0425,40.0,1000.0,1.0052,embedded timestamp (<=6h) + nearest IBTrACS position,MEDIUM,same normalized filename as reference; visual/manual read from embedded annotation Dataset label copied from original CSV; not interpreted as wind speed.
infrared,46.jpg,46.jpeg,43cd999791d2450ee93b46ab6191cfb8ecebf58c7484072d1fdfb4c4ac907138,46.0,17.51,64.27,2014-06-12 08:45:00,2014159N12068,NANAUK,2014-06-12 06:00:00,18.15,64.65,45.0,986.0,0.7355,embedded timestamp (<=6h) + nearest IBTrACS position,HIGH,same normalized filename as reference; OCR of embedded annotation Dataset label copied from original CSV; not interpreted as wind speed.
infrared,47(1).jpg,47(1).jpeg,5aae53416842464c4371aa356d825a886a4e4653f79eb6c212a1fe62431045c8,47.0,16.7,90.6,2016-10-25 07:00:00,2016295N13089,KYANT,2016-10-25 12:00:00,16.75,90.55,35.0,998.0,0.0692,embedded timestamp (<=6h) + nearest IBTrACS position,HIGH,same normalized filename as reference; OCR of embedded annotation Dataset label copied from original CSV; not interpreted as wind speed.
infrared,47(2).jpg,47(2).jpeg,9ddef5e8e09be39630490f3b4a0905d3b78a9b675fd104971ab7b9a0e7e3258b,47.0,11.89,61.89,2018-10-08 06:00:00,2018279N11069,LUBAN,2018-10-08 06:00:00,12.15,61.85,40.0,997.0,0.2629,embedded timestamp (<=6h) + nearest IBTrACS position,HIGH,same normalized filename as reference; OCR of embedded annotation Dataset label copied from original CSV; not interpreted as wind speed.
infrared,47(3).jpg,47(3).jpeg,bfc1b84ca26bcfca6829a96bf290007029d1ec9afaf44d8e29a2219d1f409854,47.0,7.64,57.71,2019-12-04 04:00:00,2019335N05058,PAWAN,2019-12-04 06:00:00,7.5,57.1,30.0,1000.0,0.6206,embedded timestamp (<=6h) + nearest IBTrACS position,HIGH,same normalized filename as reference; visual/manual read from embedded annotation Dataset label copied from original CSV; not interpreted as wind speed.
infrared,47(4).jpg,47(4).jpeg,312624fbc40eb3f8bd7aa61a5ada6efe6e661d72899cb422d95451453fccb03f,47.0,8.4,82.7,2020-12-02 02:30:00,2020335N06090,BUREVI,2020-12-02 03:00:00,8.58247,82.9,40.0,998.0,0.2691,embedded timestamp (<=6h) + nearest IBTrACS position,HIGH,same normalized filename as reference; OCR of embedded annotation Dataset label copied from original CSV; not interpreted as wind speed.
infrared,47.jpg,47.jpeg,ec37ca0269392be17328a884058f88746bb2605e68f98f162584941fb4dd4030,47.0,17.16,85.74,2013-05-15 03:00:00,2013130N04093,MAHASEN:VIYARU,2013-05-15 03:00:00,16.7462,87.1889,40.0,992.0,1.4449,embedded timestamp (<=6h) + nearest IBTrACS position,MEDIUM,same normalized filename as reference; OCR of embedded annotation Dataset label copied from original CSV; not interpreted as wind speed.
infrared,48(1).jpg,48(1).jpeg,79f1553f0a200f7fb2cd5296f89ebb2a5d2c0d6e816995d65d69db991b67372d,48.0,10.2,56.6,,2018136N11054,MEKUNU:SAGAR,2018-05-22 12:00:00,10.2,56.8,35.0,998.0,0.1968,embedded coordinates + year/nearest IBTrACS position,HIGH,same normalized filename as reference; OCR of embedded annotation Dataset label copied from original CSV; not interpreted as wind speed.
infrared,48(2).jpg,48(2).jpeg,daf41e35c1df4c872f319504a9554b3e515217f3dcf21cbdceb7a700676dadf1,48.0,15.68,82.11,2018-12-17 03:30:00,2018347N07089,PHETHAI,2018-12-17 03:00:00,15.5388,82.3388,45.0,997.0,0.2617,embedded timestamp (<=6h) + nearest IBTrACS position,HIGH,same normalized filename as reference; OCR of embedded annotation Dataset label copied from original CSV; not interpreted as wind speed.
infrared,48(3).jpg,48(3).jpeg,e38d46c3375c5fb79950f434484b8dda184b6678df856248d31773c343898959,48.0,15.95,85.75,2021-12-03 09:00:00,2021335N08096,JAWAD,2021-12-03 15:00:00,15.21,85.0425,40.0,1000.0,1.0052,embedded timestamp (<=6h) + nearest IBTrACS position,MEDIUM,same normalized filename as reference; visual/manual read from embedded annotation Dataset label copied from original CSV; not interpreted as wind speed.
infrared,48.jpg,48.jpeg,163c7f41549f1467c9948bae87272b6c6a8a8c6c45ded5fc0eff0c9787df411d,48.0,17.57,70.87,2017-12-05 03:30:00,2017333N06082,OCKHI,2017-12-05 00:00:00,17.5,70.65,50.0,994.0,0.2211,embedded timestamp (<=6h) + nearest IBTrACS position,HIGH,same normalized filename as reference; OCR of embedded annotation Dataset label copied from original CSV; not interpreted as wind speed.
infrared,49(1).jpg,49(1).jpeg,41d3da0d4aca62626c95efe7a9b397f433f7859d781e11d115f412451d8b41bc,49.0,14.58,71.21,2019-06-01 03:30:00,2019301N05081,MAHA,2019-11-01 00:00:00,14.6,71.55,55.0,990.0,0.3297,embedded coordinates + year/nearest IBTrACS position,HIGH,same normalized filename as reference; OCR of embedded annotation Dataset label copied from original CSV; not interpreted as wind speed.
infrared,49(2).jpg,49(2).jpeg,b4ad1ed17432778f8bc1de37619f0ec689e760637e39da877cabd776dc97acf8,49.0,22.8,64.75,2021-10-01 03:00:00,2021267N18094,GULAB:SHAHEEN-GU,2021-10-01 03:00:00,23.1175,64.9213,40.0,994.0,0.3546,embedded timestamp (<=6h) + nearest IBTrACS position,HIGH,same normalized filename as reference; OCR of embedded annotation Dataset label copied from original CSV; not interpreted as wind speed.
infrared,49.jpg,49.jpeg,c6cdd7de5cca5578e9a60615e5224591fc3f518f71955059ffb88e5b7ebe2934,49.0,12.37,88.3,2016-12-10 02:00:00,2016341N08092,VARDAH,2016-12-10 00:00:00,12.6,88.25,55.0,990.0,0.2351,embedded timestamp (<=6h) + nearest IBTrACS position,HIGH,same normalized filename as reference; OCR of embedded annotation Dataset label copied from original CSV; not interpreted as wind speed.
infrared,50(1).jpg,50(1).jpeg,435c12c2aec700e1a021231e6c6fb1b5d2fcb5fd41275a93f048fc5a6bc239fc,50.0,14.62,70.83,2019-11-01 03:30:00,2019301N05081,MAHA,2019-11-01 03:00:00,14.8326,70.9063,55.0,990.0,0.2251,embedded timestamp (<=6h) + nearest IBTrACS position,HIGH,same normalized filename as reference; OCR of embedded annotation Dataset label copied from original CSV; not interpreted as wind speed.
infrared,50(2).jpg,50(2).jpeg,e311349bd266816c0400fd4160d52ea7156f9699deaf658fe08b18ce3b5cb40c,50.0,23.23,64.35,2021-10-01 07:00:00,2021267N18094,GULAB:SHAHEEN-GU,2021-10-01 09:00:00,23.3287,64.2037,45.0,991.0,0.1668,embedded timestamp (<=6h) + nearest IBTrACS position,HIGH,same normalized filename as reference; OCR of embedded annotation Dataset label copied from original CSV; not interpreted as wind speed.
infrared,50.jpg,50.jpeg,8d60fed1950e5262baa6b9f667f416a83816ba9bb34ebdeb098e7234c689f46a,50.0,11.85,91.45,2013-11-25 09:30:00,2013324N07103,LEHAR,2013-11-25 09:00:00,12.0,91.725,60.0,988.0,0.3081,embedded timestamp (<=6h) + nearest IBTrACS position,HIGH,same normalized filename as reference; OCR of embedded annotation Dataset label copied from original CSV; not interpreted as wind speed.
infrared,51(1).jpg,51(1).jpeg,0d217444820d545d5f155a6ed51fe6c5ccb4f701867b3a110b775fcc756c0be7,51.0,18.01,93.28,,2021267N18094,GULAB:SHAHEEN-GU,2021-09-24 00:00:00,18.1,93.3,,,0.092,embedded coordinates + year/nearest IBTrACS position,HIGH,same normalized filename as reference; OCR of embedded annotation Dataset label copied from original CSV; not interpreted as wind speed.
infrared,51.jpg,51.jpeg,1611e68eb19121fcebbe912964e9cd5cce2fc2b2a5c9a9659cdd6abd92c98a84,51.0,18.28,62.8,2014-06-13 04:15:00,2014164N18063,NOT_NAMED,2014-06-13 00:00:00,18.4,62.9,45.0,988.0,0.153,embedded timestamp (<=6h) + nearest IBTrACS position,HIGH,same normalized filename as reference; OCR of embedded annotation Dataset label copied from original CSV; not interpreted as wind speed.
infrared,52(1).jpg,52(1).jpeg,153cd1e0704bf0e61c3d61654b63a6a42958e178beb1d00df92baf12c11a8395,52.0,18.31,72.83,2020-06-03 06:00:00,2020153N13072,NISARGA,2020-06-03 06:00:00,18.05,72.85,60.0,984.0,0.2607,embedded timestamp (<=6h) + nearest IBTrACS position,HIGH,same normalized filename as reference; OCR of embedded annotation Dataset label copied from original CSV; not interpreted as wind speed.
infrared,52.jpg,52.jpeg,7b160ca9f3e97dd0b71db0574be9b27229bac9bcc78dfb8f5843a0cde58f0215,52.0,14.18,57.78,,2018279N11069,LUBAN,2018-10-11 06:00:00,14.45,57.9,70.0,980.0,0.294,embedded coordinates + year/nearest IBTrACS position,HIGH,same normalized filename as reference; OCR of embedded annotation Dataset label copied from original CSV; not interpreted as wind speed.
infrared,53(1).jpg,53(1).jpeg,39c3fd8b74f9abc6e5e7c9df97ecbec23734ddb22896338b64962297a7f74e91,53.0,11.55,83.77,,2018314N12093,GAJA,2018-11-14 21:00:00,11.8,83.4575,45.0,996.0,0.3953,embedded coordinates + year/nearest IBTrACS position,HIGH,same normalized filename as reference; OCR of embedded annotation Dataset label copied from original CSV; not interpreted as wind speed.
infrared,53(2).jpg,53(2).jpeg,16d0efefe00233b934714e67b4ef77e6d3f47e7f0d0cda40812ac8a25c1dd89e,53.0,12.9,72.6,2021-05-15 02:30:00,2021133N10071,TAUKTAE,2021-05-15 00:00:00,12.8,72.85,40.0,992.0,0.2634,embedded timestamp (<=6h) + nearest IBTrACS position,HIGH,same normalized filename as reference; OCR of embedded annotation Dataset label copied from original CSV; not interpreted as wind speed.
infrared,53(3).jpg,53(3).jpeg,32e3ff7ec384b07a76440b7d7ee9526701870d0a988b92be5065174e9ff3e81b,53.0,16.3,89.7,2021-05-24 02:30:00,2021143N15090,YAAS,2021-05-24 00:00:00,16.15,89.75,35.0,990.0,0.1575,embedded timestamp (<=6h) + nearest IBTrACS position,HIGH,same normalized filename as reference; OCR of embedded annotation Dataset label copied from original CSV; not interpreted as wind speed.
infrared,53.jpg,53.jpeg,ea8a3540ddb7851e1030a2f62a6e096e4268a1a730ab452874710d2b6dfacd68,53.0,12.55,60.38,2018-10-09 03:30:00,2018279N11069,LUBAN,2018-10-09 00:00:00,12.8,60.5,45.0,994.0,0.2761,embedded timestamp (<=6h) + nearest IBTrACS position,HIGH,same normalized filename as reference; OCR of embedded annotation Dataset label copied from original CSV; not interpreted as wind speed.
infrared,54.jpg,54.jpeg,f0f1dc3bf087b55dd4ddbb48e54257bd95d801a840ea1598841fae878a3bc30f,54.0,15.13,53.75,2018-10-14 01:00:00,2018279N11069,LUBAN,2018-10-13 21:00:00,15.1963,53.2638,40.0,996.0,0.474,embedded timestamp (<=6h) + nearest IBTrACS position,HIGH,same normalized filename as reference; OCR of embedded annotation Dataset label copied from original CSV; not interpreted as wind speed.
infrared,55(2).jpg,55(2).jpeg,6512fc88af8bba8c249cfc5db655385b4645d9d87015ddd0333e6346a332dbb0,55.0,7.73,87.51,,2020335N06090,BUREVI,2020-11-30 03:00:00,7.60656,87.5782,25.0,1002.0,0.1407,embedded coordinates + year/nearest IBTrACS position,HIGH,same normalized filename as reference; OCR of embedded annotation Dataset label copied from original CSV; not interpreted as wind speed.
infrared,55.jpg,55.jpeg,614cb249d3cb57c016244ca674ea28e5b6ff39c4e20e69347f2b5851f5f5673e,55.0,15.19,84.26,2013-11-20 04:00:00,2013322N13090,HELEN,2013-11-20 03:00:00,15.1,84.0675,35.0,1000.0,0.2064,embedded timestamp (<=6h) + nearest IBTrACS position,HIGH,same normalized filename as reference; OCR of embedded annotation Dataset label copied from original CSV; not interpreted as wind speed.
infrared,56.jpg,56.jpeg,8153d78ff7df05437e0c831ebed80a865f22a3df5a60ac57d7e8be3652fd5de0,56.0,13.68,84.59,2013-12-09 04:00:00,2013339N09084,MADI,2013-12-09 00:00:00,13.85,84.65,65.0,986.0,0.1797,embedded timestamp (<=6h) + nearest IBTrACS position,HIGH,same normalized filename as reference; OCR of embedded annotation Dataset label copied from original CSV; not interpreted as wind speed.
infrared,57(1).jpg,57(1).jpeg,d07b387eecd7691789f49d379121ae653cd1beb8e6dd75a6e40cfef1cb9b3a0d,57.0,22.59,88.98,,2013149N21090,NOT_NAMED,2013-05-29 15:00:00,22.0,88.7,20.0,994.0,0.6442,embedded coordinates + year/nearest IBTrACS position,HIGH,same normalized filename as reference; OCR of embedded annotation Dataset label copied from original CSV; not interpreted as wind speed.
infrared,57(2).jpg,57(2).jpeg,97dc0cfb21d5b154f5d38d4678c38521f3fa65b12b9da786504921bcb967a7f9,57.0,8.07,87.35,2019-04-29 03:00:00,2019116N02090,FANI,2019-04-28 21:00:00,8.38124,87.4075,45.0,992.0,0.3164,embedded timestamp (<=6h) + nearest IBTrACS position,HIGH,same normalized filename as reference; OCR of embedded annotation Dataset label copied from original CSV; not interpreted as wind speed.
infrared,57.jpg,57.jpeg,3a9e7e8de1821aaaf6f58a7f76bc3ea713c4d499bcd05d1d817a3f1278e72710,57.0,11.72,89.41,2013-11-26 04:00:00,2013324N07103,LEHAR,2013-11-26 06:00:00,12.6,89.6,70.0,982.0,0.8995,embedded timestamp (<=6h) + nearest IBTrACS position,HIGH,same normalized filename as reference; OCR of embedded annotation Dataset label copied from original CSV; not interpreted as wind speed.
infrared,58(1).jpg,58(1).jpeg,3be88502a8532d18bdca35d5107b8a8d12b29e32d2f1a7fca229a4350972697f,58.0,8.9,85.1,2018-12-15 02:00:00,2018347N07089,PHETHAI,2018-12-15 03:00:00,9.27875,85.4288,30.0,1001.0,0.499,embedded timestamp (<=6h) + nearest IBTrACS position,HIGH,same normalized filename as reference; OCR of embedded annotation Dataset label copied from original CSV; not interpreted as wind speed.
infrared,58.jpg,58.jpeg,07fa2f31563a8fb693665ed1024f4bc021bc1b5d24769fb2d0fb18a9926b67fd,58.0,15.57,84.35,2013-12-10 03:30:00,2013339N09084,MADI,2013-12-10 09:00:00,15.5263,85.2263,65.0,988.0,0.8453,embedded timestamp (<=6h) + nearest IBTrACS position,HIGH,same normalized filename as reference; OCR of embedded annotation Dataset label copied from original CSV; not interpreted as wind speed.
infrared,59(1).jpg,59(1).jpeg,c42fb53b1ace3ef2f2a242dd8647289178ef5280893a1060562944b7435b65b8,59.0,13.96,83.92,2013-12-09 10:00:00,2013339N09084,MADI,2013-12-09 06:00:00,14.3,84.7,65.0,986.0,0.8298,embedded timestamp (<=6h) + nearest IBTrACS position,HIGH,same normalized filename as reference; OCR of embedded annotation Dataset label copied from original CSV; not interpreted as wind speed.
infrared,59(2).jpg,59(2).jpeg,a13d385f9f60db387a2fa3676591fcdb0a59c36bf6eab271b7bc4dc201d89f35,59.0,10.55,72.98,2019-10-31 03:00:00,2019301N05081,MAHA,2019-10-30 21:00:00,10.6962,73.2774,40.0,998.0,0.3269,embedded timestamp (<=6h) + nearest IBTrACS position,HIGH,same normalized filename as reference; OCR of embedded annotation Dataset label copied from original CSV; not interpreted as wind speed.
infrared,59(3).jpg,59_LUBAN.png,574f8eff25cb53a8f1b32a9b51536a5f1c81d575e61cf5c5ec9b989b64b7345a,59.0,14.18,59.02,,2018279N11069,LUBAN,2018-10-10 06:00:00,14.2,58.95,75.0,978.0,0.0708,reference LUBAN composite + IBTrACS,HIGH,explicit cross-product filename/visual match; OCR of embedded annotation Dataset label copied from original CSV; not interpreted as wind speed.
infrared,59.jpg,59.jpeg,82c4dec15e1e47dd9f7ed0cc2e137f523bff8bd30f97cbc5c92dc928b059ece0,59.0,12.09,91.86,2013-11-25 04:00:00,2013324N07103,LEHAR,2013-11-25 06:00:00,11.95,91.85,55.0,988.0,0.1403,embedded timestamp (<=6h) + nearest IBTrACS position,HIGH,same normalized filename as reference; OCR of embedded annotation Dataset label copied from original CSV; not interpreted as wind speed.
infrared,60(1).jpg,60(1).jpeg,8405cb88e365a3376ce6d70e430f90672b6a23bbcf870c335b73dec853595c4c,60.0,18.51,90.26,2017-05-29 10:30:00,2017147N14087,MORA,2017-05-29 09:00:00,18.2388,91.5612,45.0,986.0,1.2633,embedded timestamp (<=6h) + nearest IBTrACS position,MEDIUM,same normalized filename as reference; OCR of embedded annotation Dataset label copied from original CSV; not interpreted as wind speed.
infrared,60(2).jpg,60(2).jpeg,90c3a35c6251db2c5df9738024f79f5ed7f86352d8bc8112833a2a303ff8709a,60.0,8.41,73.62,2017-12-01 03:00:00,2017333N06082,OCKHI,2017-12-01 03:00:00,8.83254,73.7675,55.0,990.0,0.447,embedded timestamp (<=6h) + nearest IBTrACS position,HIGH,same normalized filename as reference; OCR of embedded annotation Dataset label copied from original CSV; not interpreted as wind speed.
infrared,60.jpg,60.jpeg,957bc1c650d30c5234a19b26cc146faeb9fdea886a84d5008e7a42f8b07425fd,60.0,15.02,83.57,2013-11-20 09:30:00,2013322N13090,HELEN,2013-11-20 06:00:00,15.25,84.05,40.0,1000.0,0.5175,embedded timestamp (<=6h) + nearest IBTrACS position,HIGH,same normalized filename as reference; OCR of embedded annotation Dataset label copied from original CSV; not interpreted as wind speed.
infrared,61(1).jpg,61(1).jpeg,260dc777d949a6921ec798123e08d5aad7df7dca28b20e38e78756931a7621f0,61.0,12.37,84.56,,2016341N08092,VARDAH,2016-12-11 03:00:00,12.9964,84.3538,70.0,980.0,0.658,embedded coordinates + year/nearest IBTrACS position,HIGH,same normalized filename as reference; OCR of embedded annotation Dataset label copied from original CSV; not interpreted as wind speed.
infrared,61(2).jpg,61(2).jpeg,a3dea38879506235324423201df795fa8001e72014334ba78541eaafa03d8cbb,61.0,14.63,56.55,,2018279N11069,LUBAN,2018-10-12 18:00:00,14.75,56.5,45.0,994.0,0.1294,embedded coordinates + year/nearest IBTrACS position,HIGH,same normalized filename as reference; OCR of embedded annotation Dataset label copied from original CSV; not interpreted as wind speed.
infrared,61.jpg,61.jpeg,8337c5706a4ea623e17fee8a92fdb7076ac6983f374dfbe426d69373b32c5334,61.0,12.77,49.86,2015-11-09 03:15:00,2015309N14067,MEGH,2015-11-09 06:00:00,12.25,49.55,80.0,978.0,0.6015,embedded timestamp (<=6h) + nearest IBTrACS position,HIGH,same normalized filename as reference; OCR of embedded annotation Dataset label copied from original CSV; not interpreted as wind speed.
infrared,62.jpg,62.jpeg,3de476b093ffa0f0c580652b417a8223d28978c5792e5563c9f5b5c98b5ce775,62.0,12.74,55.85,2015-11-08 03:15:00,2015309N14067,MEGH,2015-11-08 00:00:00,12.7,56.1,85.0,974.0,0.2471,embedded timestamp (<=6h) + nearest IBTrACS position,HIGH,same normalized filename as reference; OCR of embedded annotation Dataset label copied from original CSV; not interpreted as wind speed.
infrared,63(1).jpg,63(1).jpeg,3d69cc71d67eefd4eb560d9d46dd4054a8e39d4f5c6c593a6048569c8214f4a3,63.0,8.79,88.03,2018-12-14 07:30:00,2018347N07089,PHETHAI,2018-12-14 03:00:00,8.09999,87.4537,30.0,1002.0,0.8947,embedded timestamp (<=6h) + nearest IBTrACS position,HIGH,same normalized filename as reference; OCR of embedded annotation Dataset label copied from original CSV; not interpreted as wind speed.
infrared,63(2).jpg,63(2).jpeg,4aff0f050cc609a7521be98c2e7ab5fe32a5a37aa605137c1ed629f7bad5c9a3,63.0,13.5,73.3,,2021133N10071,TAUKTAE,2021-05-15 09:00:00,13.575,73.015,45.0,990.0,0.2871,embedded coordinates + year/nearest IBTrACS position,HIGH,same normalized filename as reference; OCR of embedded annotation Dataset label copied from original CSV; not interpreted as wind speed.
infrared,63.jpg,63.jpeg,f78c982ebd774c2b87d0fc7470ac1b11038e49f169fb238f73a71e8e3c514039,63.0,17.1,92.33,2017-04-16 04:00:00,2017104N08085,MAARUTHA,2017-04-16 03:00:00,16.6463,92.4534,40.0,996.0,0.4688,embedded timestamp (<=6h) + nearest IBTrACS position,HIGH,same normalized filename as reference; OCR of embedded annotation Dataset label copied from original CSV; not interpreted as wind speed.
infrared,64(1).jpg,64(1).jpeg,3f4115a92e1160509732aaa6b87a4aeb7c572e23723d43192a93d489e6a349e7,64.0,14.51,58.38,,2018279N11069,LUBAN,2018-10-10 18:00:00,14.5,58.4,75.0,978.0,0.0218,embedded coordinates + year/nearest IBTrACS position,HIGH,same normalized filename as reference; OCR of embedded annotation Dataset label copied from original CSV; not interpreted as wind speed.
infrared,64(2).jpg,64(2).jpeg,3baf87b1bb701b75bfa155d34232e98ece109426349e092ebb23dfd1036f5112,64.0,17.07,86.91,2019-11-08 03:30:00,2019302N11118,BULBUL:MATMO,2019-11-08 00:00:00,16.95,87.7,65.0,983.0,0.7647,embedded timestamp (<=6h) + nearest IBTrACS position,HIGH,same normalized filename as reference; visual/manual read from embedded annotation Dataset label copied from original CSV; not interpreted as wind speed.
infrared,64.jpg,64.jpeg,d983dd84f0ae498590cda57466b1fea0880d818f2d06d1bc316209005ae8c6a2,64.0,20.8,89.6,2016-05-21 03:15:00,2016138N10081,ROANU,2016-05-21 00:00:00,20.85,89.4,45.0,983.0,0.1935,embedded timestamp (<=6h) + nearest IBTrACS position,HIGH,same normalized filename as reference; OCR of embedded annotation Dataset label copied from original CSV; not interpreted as wind speed.
infrared,65(2).jpg,65(2).jpeg,f8f092bb944f2134a1e1deb706c1265147de2ab8647a01ae763ed388a5acc83c,65.0,23.83,62.65,2021-10-02 03:00:00,2021267N18094,GULAB:SHAHEEN-GU,2021-10-01 21:00:00,23.7999,62.8287,60.0,984.0,0.1662,embedded timestamp (<=6h) + nearest IBTrACS position,HIGH,same normalized filename as reference; visual/manual read from embedded annotation Dataset label copied from original CSV; not interpreted as wind speed.
infrared,65(3).jpg,65(3).jpeg,587303c3b99c53ca70cc0b4fbd316e12a1c7df1ed61f4b99f8feb03f293bca7e,65.0,18.2,88.0,2021-05-25 02:29:00,2021143N15090,YAAS,2021-05-25 03:00:00,18.425,88.4175,55.0,980.0,0.456,embedded timestamp (<=6h) + nearest IBTrACS position,HIGH,same normalized filename as reference; OCR of embedded annotation Dataset label copied from original CSV; not interpreted as wind speed.
infrared,65.jpg,65.jpeg,698a14fa556ab2c80ec0d8097bacae44a38a814d26fb2ee16222a6e29b8be8f9,65.0,12.3,88.74,2013-11-26 09:30:00,2013324N07103,LEHAR,2013-11-26 12:00:00,12.95,88.7,70.0,982.0,0.6512,embedded timestamp (<=6h) + nearest IBTrACS position,HIGH,same normalized filename as reference; OCR of embedded annotation Dataset label copied from original CSV; not interpreted as wind speed.
infrared,67(1).jpg,67(1).jpeg,cc857befef45c4c78414de1e09ac87d3fb9c5ed7571fd5a4a28ab8dcff72635e,67.0,17.25,90.75,2017-05-29 02:30:00,2017147N14087,MORA,2017-05-29 00:00:00,17.0,91.25,45.0,990.0,0.539,embedded timestamp (<=6h) + nearest IBTrACS position,HIGH,same normalized filename as reference; OCR of embedded annotation Dataset label copied from original CSV; not interpreted as wind speed.
infrared,67.jpg,67.jpeg,d078890375015679a99fde00e4b67247d35e71af686abd8fe0b3dd4520a8d9d7,67.0,20.36,64.63,,2014297N11062,NILOFAR,2014-10-30 15:00:00,20.3862,64.6425,,,0.0287,embedded coordinates + year/nearest IBTrACS position,HIGH,same normalized filename as reference; OCR of embedded annotation Dataset label copied from original CSV; not interpreted as wind speed.
infrared,68.jpg,68.jpeg,c1f2c8237765813babcc4c446e4fcc2a353b9401345f80d98eac83385fad3e0f,68.0,10.8,82.2,2020-11-25 03:30:00,2020327N08086,NIVAR,2020-11-25 00:00:00,10.6,82.2,60.0,986.0,0.2,embedded timestamp (<=6h) + nearest IBTrACS position,HIGH,same normalized filename as reference; OCR of embedded annotation Dataset label copied from original CSV; not interpreted as wind speed.
infrared,69(1).jpg,69(1).jpeg,9cedcc31ee8e7b17a18d560aaeba371412fe8799ca2a3834746405b615dabedf,69.0,18.9,88.15,2021-05-25 08:30:00,2021143N15090,YAAS,2021-05-25 06:00:00,18.8,88.2,60.0,978.0,0.1106,embedded timestamp (<=6h) + nearest IBTrACS position,HIGH,same normalized filename as reference; OCR of embedded annotation Dataset label copied from original CSV; not interpreted as wind speed.
infrared,69.jpg,69.jpeg,e4c345a4c78a3dec4d04daa885d02550a1a5ab75e99617300df53f829d2909e8,69.0,12.74,80.98,2016-12-12 03:00:00,2016341N08092,VARDAH,2016-12-12 06:00:00,13.2,80.8,70.0,975.0,0.4924,embedded timestamp (<=6h) + nearest IBTrACS position,HIGH,same normalized filename as reference; OCR of embedded annotation Dataset label copied from original CSV; not interpreted as wind speed.
infrared,70.jpg,70.jpeg,ea329f9a3f05cd0e10b8900991548863c882262ed868105d3ac749ba57863f7a,70.0,15.8,61.6,2014-10-28 03:15:00,2014297N11062,NILOFAR,2014-10-28 03:00:00,15.76,61.6812,75.0,977.0,0.0878,embedded timestamp (<=6h) + nearest IBTrACS position,HIGH,same normalized filename as reference; OCR of embedded annotation Dataset label copied from original CSV; not interpreted as wind speed.
infrared,73.jpg,73.jpeg,bb59b0dbfee38e0d805fbec6655c0e14d9370cbdc6e9eab1bd2fc771391fc072,73.0,11.4,55.67,2018-05-23 03:30:00,2018136N11054,MEKUNU:SAGAR,2018-05-23 06:00:00,11.4,56.05,60.0,980.0,0.3725,embedded timestamp (<=6h) + nearest IBTrACS position,HIGH,same normalized filename as reference; OCR of embedded annotation Dataset label copied from original CSV; not interpreted as wind speed.
infrared,74(1).jpg,74(1).jpeg,dc14384d465dc13f72e02c7ffbe7f8262528cc6cc5fa15704b39ae9790f16d7e,74.0,17.83,70.11,2019-06-12 03:30:00,2019160N11073,VAYU,2019-06-12 03:00:00,18.0037,70.1925,75.0,973.0,0.1906,embedded timestamp (<=6h) + nearest IBTrACS position,HIGH,same normalized filename as reference; OCR of embedded annotation Dataset label copied from original CSV; not interpreted as wind speed.
infrared,74(2).jpg,74(2).jpeg,c94374066427ace83f4da78715cd51a08e8d642c97e6a77885d881a186e6c0e5,74.0,16.45,72.65,,2021133N10071,TAUKTAE,2021-05-16 09:00:00,16.2713,72.6725,70.0,976.0,0.18,embedded coordinates + year/nearest IBTrACS position,HIGH,same normalized filename as reference; OCR of embedded annotation Dataset label copied from original CSV; not interpreted as wind speed.
infrared,74.jpg,74.jpeg,194247b265367b0ad73290dafde6f9c501127dadeb47b527afc05de2f35c93c3,74.0,14.6,62.2,2014-10-27 03:14:00,2014297N11062,NILOFAR,2014-10-27 00:00:00,14.75,62.4,55.0,990.0,0.2449,embedded timestamp (<=6h) + nearest IBTrACS position,HIGH,same normalized filename as reference; OCR of embedded annotation Dataset label copied from original CSV; not interpreted as wind speed.
infrared,75.jpg,75.jpeg,4fc79fc429db858772214eafcc51cf454be7fc9b2468e07703f32f396ebbe98e,75.0,13.37,86.83,2020-05-18 04:00:00,2020136N10088,AMPHAN,2020-05-18 00:00:00,13.15,86.35,100.0,952.0,0.5162,embedded timestamp (<=6h) + nearest IBTrACS position,HIGH,same normalized filename as reference; OCR of embedded annotation Dataset label copied from original CSV; not interpreted as wind speed.
infrared,77(1).jpg,77(1).jpeg,ebf2383838b865d877a48eee68c786dab4373a565ab1d6da3955bbaa56924aeb,77.0,20.66,69.02,2019-06-03 05:00:00,2019160N11073,VAYU,2019-06-13 09:00:00,20.69,69.175,80.0,970.0,0.1481,embedded coordinates + year/nearest IBTrACS position,HIGH,same normalized filename as reference; OCR of embedded annotation Dataset label copied from original CSV; not interpreted as wind speed.
infrared,77.jpg,77.jpeg,c65e46ae54d0a322c012f10a549a6e9ae50ba3b74e674582567d6fb95331fba9,77.0,14.8,90.3,2014-10-10 03:30:00,2014279N11096,HUDHUD,2014-10-10 00:00:00,14.55,87.65,60.0,988.0,2.5743,embedded timestamp (<=6h) + nearest IBTrACS position,MEDIUM,same normalized filename as reference; OCR of embedded annotation Dataset label copied from original CSV; not interpreted as wind speed.
infrared,81(1).jpg,68(1).jpeg,b3106ad93d3fc10ec378e5fc972566b00a5c00994f06db7fbcd0a014ac137611,81.0,15.15,72.9,2021-05-16 03:00:00,2021133N10071,TAUKTAE,2021-05-16 00:00:00,15.0,72.75,65.0,979.0,0.2085,embedded timestamp (<=6h) + nearest IBTrACS position,HIGH,explicit cross-product filename/visual match; OCR of embedded annotation Dataset label copied from original CSV; not interpreted as wind speed.
infrared,81.jpg,81.jpeg,017f54d36c1cc007e49ce6dd5151e06a1dfb511cbeb5d2722cd9602b74955855,81.0,13.16,51.9,2015-11-02 03:44:00,2015301N11065,CHAPALA,2015-11-02 03:00:00,13.2137,52.1501,95.0,960.0,0.2494,embedded timestamp (<=6h) + nearest IBTrACS position,HIGH,same normalized filename as reference; OCR of embedded annotation Dataset label copied from original CSV; not interpreted as wind speed.
infrared,82(1).jpg,82(1).jpeg,880a4b095719fc8240c3d5a18de41c4a9e8bf35dee77ff816885c903a2db8c9c,82.0,19.8,71.3,2021-05-17 09:29:00,2021133N10071,TAUKTAE,2021-05-17 09:00:00,19.6199,71.45,100.0,950.0,0.2288,embedded timestamp (<=6h) + nearest IBTrACS position,HIGH,same normalized filename as reference; OCR of embedded annotation Dataset label copied from original CSV; not interpreted as wind speed.
infrared,82.jpg,82.jpeg,f1a601c57ba52f0056dd4b78532d1f8de58db5ad2aecb585e809e48b6d3cc0fd,82.0,14.77,68.57,2017-12-04 08:30:00,2017333N06082,OCKHI,2017-12-04 06:00:00,14.8,68.7,65.0,986.0,0.1292,embedded timestamp (<=6h) + nearest IBTrACS position,HIGH,same normalized filename as reference; OCR of embedded annotation Dataset label copied from original CSV; not interpreted as wind speed.
infrared,83(1).jpg,83(1).jpeg,48756e28e38c7daefb09bf1dfa8308fcb0202101c690ae807ac99ca60aa8b8dd,83.0,13.88,68.3,2017-12-04 03:00:00,2017333N06082,OCKHI,2017-12-03 21:00:00,13.9037,68.485,75.0,982.0,0.1812,embedded timestamp (<=6h) + nearest IBTrACS position,HIGH,same normalized filename as reference; OCR of embedded annotation Dataset label copied from original CSV; not interpreted as wind speed.
infrared,84(1).jpg,84(1).jpeg,877894272b0129b9e49b0e3c4659d25153d9f547fd92f7b98e9daaf31039201a,84.0,18.98,61.94,,2014297N11062,NILOFAR,2014-10-29 09:00:00,18.8325,61.9813,90.0,968.0,0.1526,embedded coordinates + year/nearest IBTrACS position,HIGH,same normalized filename as reference; OCR of embedded annotation Dataset label copied from original CSV; not interpreted as wind speed.
infrared,84.jpg,84.jpeg,a9e80b3194aeb862a539449c2092e28c469687ef78a70acd299262e63fcb6699,84.0,18.98,61.94,,2014297N11062,NILOFAR,2014-10-29 09:00:00,18.8325,61.9813,90.0,968.0,0.1526,embedded coordinates + year/nearest IBTrACS position,HIGH,same normalized filename as reference; OCR of embedded annotation Dataset label copied from original CSV; not interpreted as wind speed.
infrared,85(1).jpg,85(1).jpeg,0e5e945ecf598e59378d7c256da60b0ce08736a64e4ae84d1b6bf493ed650ccd,85.0,14.47,61.3,,2015301N11065,CHAPALA,2015-10-30 03:00:00,14.2288,61.4712,105.0,954.0,0.2927,embedded coordinates + year/nearest IBTrACS position,HIGH,same normalized filename as reference; OCR of embedded annotation Dataset label copied from original CSV; not interpreted as wind speed.
infrared,85(2).jpg,85(2).jpeg,8ffd8108dabd02c0a5302fe16be36c3ca8da46a228ae669ab5b9f2fc45827d44,85.0,14.1,59.1,,2015301N11065,CHAPALA,2015-10-31 03:00:00,13.7963,59.1575,110.0,946.0,0.3088,embedded coordinates + year/nearest IBTrACS position,HIGH,same normalized filename as reference; OCR of embedded annotation Dataset label copied from original CSV; not interpreted as wind speed.
infrared,85.jpg,85.jpeg,6a1190b49325f0f2de248653cdf56f50dedbc51c258216e20c3441acdbce9633,85.0,15.8,86.3,2014-10-10 21:15:00,2014279N11096,HUDHUD,2014-10-10 18:00:00,15.6,86.3,75.0,978.0,0.2,embedded timestamp (<=6h) + nearest IBTrACS position,HIGH,same normalized filename as reference; OCR of embedded annotation Dataset label copied from original CSV; not interpreted as wind speed.
infrared,86(1).jpg,86(1).jpeg,e999d576e87ad34ebf8fe62b64fb882a6f07fec2cf034c684e94580ad09fd353,86.0,9.05,71.51,2017-12-02 03:30:00,2017333N06082,OCKHI,2017-12-02 00:00:00,9.45,71.5,80.0,978.0,0.4001,embedded timestamp (<=6h) + nearest IBTrACS position,HIGH,same normalized filename as reference; OCR of embedded annotation Dataset label copied from original CSV; not interpreted as wind speed.
infrared,86(2).jpg,86(2).jpeg,a10d1cb6f308c42ecd8fadee56b777b04669632872afe688653edcc546567293,86.0,18.9,71.4,2021-05-17 03:00:00,2021133N10071,TAUKTAE,2021-05-17 03:00:00,18.7925,71.6,100.0,950.0,0.2176,embedded timestamp (<=6h) + nearest IBTrACS position,HIGH,same normalized filename as reference; OCR of embedded annotation Dataset label copied from original CSV; not interpreted as wind speed.
infrared,86.jpg,86.jpeg,22be024211f0bbf7ee62a0d47a8e9e36fa6655e8c5624132bc18efe3b6ee24d9,86.0,13.6,56.4,2015-11-01 02:14:00,2015301N11065,CHAPALA,2015-11-01 00:00:00,13.65,56.4,105.0,950.0,0.05,embedded timestamp (<=6h) + nearest IBTrACS position,HIGH,same normalized filename as reference; OCR of embedded annotation Dataset label copied from original CSV; not interpreted as wind speed.
infrared,87.jpg,87.jpeg,eab640b9c75d626d960df19b24c1d6d66c6d11dcbadefa06f74b6ccc89ecdf56,87.0,20.91,91.09,,2015207N22091,KOMEN,2015-07-29 00:00:00,20.95,91.1,30.0,990.0,0.0411,embedded coordinates + year/nearest IBTrACS position,HIGH,same normalized filename as reference; OCR of embedded annotation Dataset label copied from original CSV; not interpreted as wind speed.
infrared,94.jpg,94.jpeg,8f99863594253348a0a2a966a5ba38d274d31cccff147cfebc15fd6f0a959881,94.0,21.12,68.38,2019-06-14 03:30:00,2019160N11073,VAYU,2019-06-14 03:00:00,20.9825,68.4175,75.0,973.0,0.1419,embedded timestamp (<=6h) + nearest IBTrACS position,HIGH,same normalized filename as reference; OCR of embedded annotation Dataset label copied from original CSV; not interpreted as wind speed.
infrared,98.jpg,98.jpeg,0bed409f9caf22aedf6f6e61959f5cd9f92cc5f5c740014249e9000caa0b1cfd,98.0,12.59,85.47,2019-04-30 03:30:00,2019116N02090,FANI,2019-04-30 06:00:00,12.7,85.75,80.0,970.0,0.2946,embedded timestamp (<=6h) + nearest IBTrACS position,HIGH,same normalized filename as reference; OCR of embedded annotation Dataset label copied from original CSV; not interpreted as wind speed.
infrared,99.jpg,99.jpeg,c0a676f1a4b818eff7b64d8cabde0deed44e7916b48603440965a5278dfb1ae8,99.0,18.58,64.19,2019-11-04 07:30:00,2019301N05081,MAHA,2019-11-04 09:00:00,18.6999,64.2499,95.0,962.0,0.1327,embedded timestamp (<=6h) + nearest IBTrACS position,HIGH,same normalized filename as reference; OCR of embedded annotation Dataset label copied from original CSV; not interpreted as wind speed.
